Workbook

Sheet Instructions
B2: Cement & Aggregates Inventory Monitoring — Housing Projects
B3: Tracks cement, sand, gravel (3/4" and 3/8") and concrete admixture per housing site: current stock, consumption from the m3 of concrete produced (via mix design), new deliveries, critical-stock alerts, a daily-to-monthly consumption forecast and a visual dashboard with % of capacity and days remaining.
B5: HOW TO USE
B6: 1. Settings — check the As-of Date (=TODAY() by default), working days per week/month, the materials (unit, supplier lead time, safety stock), the site list and (optional) non-working holidays.
B7: 2. Mix Design — enter your approved mix design: quantity of each material per 1 m3 of concrete (cement in bags, aggregates in m3, admixture in litres), plus the allowance (waste) %.
B8: 3. Current Inventory (1) — one row per site and material: count date, beginning balance (physical count) and maximum storage capacity.
B9: 4. Consumption Log (2) — every day, record the concrete produced: date, site, mix code and m3. The cement, sand, gravel and admixture used are calculated from the mix design and deducted from stock.
B10: 5. Deliveries (3) — record every delivery receipt as 'Received' (added to stock on its date). Also record purchase orders not yet delivered as 'Scheduled' with the expected date: they are not added to stock, but the monitor and the forecast count them as on order.
B11: 6. Production Plan (5) — declare the planned m3 per working day for each site and mix. This drives the daily usage, days remaining, critical dates and the monthly forecast.
B12: 7. Stock Monitor (4), Forecast (5) and Dashboard (6) are automatic. On the Dashboard, pick a site (or All Sites) in the yellow cell.
B13: Dashboard silo, bins & tank: the cement silo, the 3 aggregate bins and the admixture tank fill up to their % of max storage capacity (bands of 5 %). '– – critical level – –' marks the stock needed for the supplier lead time and '– – reorder level – –' the stock for lead time + safety stock; the badge under each vessel is its status.
B15: COLOUR LEGEND
... B51: Room for 100 site/material rows, 2,000 consumption rows, 1,000 deliveries, 80 plan rows, 20 mix designs and 20 sites. To extend a log, insert rows ABOVE its last row (the named ranges then grow) and copy the grey formula cells down.

Sheet Dashboard
B1: 6 · Inventory Dashboard — Cement, Aggregates & Admixture
B2: ="As of "&TEXT(AsOfDate,"dddd, dd mmmm yyyy")&" · Days are working days ("&WorkDaysWeek&" per week) · Pick a site in the yellow cell" -> As of Saturday, 31 October 2026 · Days are working days (6 per week) · Pick a site in the yellow cell
Q3: CHART DATA & HELPERS (automatic — do not edit)
B4: Site / Project: | C4: All Sites | G4: Worst item status: | H4: =IF(COUNTIFS(SM_Site,SelCrit,SM_Status,"OUT OF STOCK")>0,"OUT OF STOCK",IF(COUNTIFS(SM_Site,SelCrit,SM_Status,"CRITICAL")>0,"CRITICAL",IF(COUNTIFS(SM_Site,SelCrit,SM_Status,"REORDER")>0,"REORDER",IF(COUNTIFS(SM_Site,SelCrit,SM_Status,"OK")>0,"OK","NO DATA")))) -> NO DATA | J4: Critical / out: | K4: =COUNTIFS(SM_Site,SelCrit,SM_Status,"CRITICAL")+COUNTIFS(SM_Site,SelCrit,SM_Status,"OUT OF STOCK") -> 0 | L4: To reorder: | M4: =COUNTIFS(SM_Site,SelCrit,SM_Status,"REORDER") -> 0 | Q4: Site criteria | R4: =IF(OR($C$4="",$C$4="All Sites"),"*",$C$4) -> *
B6: =B14&" ("&C14&")" -> Cement (bags) | C6: =B15&" ("&C15&")" -> Sand (m3) | E6: =B16&" ("&C16&")" -> Gravel 3/4" (m3) | G6: =B17&" ("&C17&")" -> Gravel 3/8" (m3) | I6: =B18&" ("&C18&")" -> Admixture (L) | K6: Planned Production (concrete)
B7: =IF(ISNUMBER(H14),H14,"–") -> – | C7: =IF(ISNUMBER(H15),H15,"–") -> – | E7: =IF(ISNUMBER(H16),H16,"–") -> – | G7: =IF(ISNUMBER(H17),H17,"–") -> – | I7: =IF(ISNUMBER(H18),H18,"–") -> – | K7: =SUMIFS(PP_Vol,PP_Site,SelCrit) -> 0
B9: =IF(ISNUMBER(L14),IF($R$4="*","Earliest out ≈ ","Stock-out ≈ ")&TEXT(L14,"ddd dd-mmm"),IF(L14="OUT","OUT OF STOCK now",IF(M14="NO DATA","Not set up yet","No usage declared"))) -> Not set up yet | C9: =IF(ISNUMBER(L15),IF($R$4="*","Earliest out ≈ ","Stock-out ≈ ")&TEXT(L15,"ddd dd-mmm"),IF(L15="OUT","OUT OF STOCK now",IF(M15="NO DATA","Not set up yet","No usage declared"))) -> Not set up yet | E9: =IF(ISNUMBER(L16),IF($R$4="*","Earliest out ≈ ","Stock-out ≈ ")&TEXT(L16,"ddd dd-mmm"),IF(L16="OUT","OUT OF STOCK now",IF(M16="NO DATA","Not set up yet","No usage declared"))) -> Not set up yet | G9: =IF(ISNUMBER(L17),IF($R$4="*","Earliest out ≈ ","Stock-out ≈ ")&TEXT(L17,"ddd dd-mmm"),IF(L17="OUT","OUT OF STOCK now",IF(M17="NO DATA","Not set up yet","No usage declared"))) -> Not set up yet | I9: =IF(ISNUMBER(L18),IF($R$4="*","Earliest out ≈ ","Stock-out ≈ ")&TEXT(L18,"ddd dd-mmm"),IF(L18="OUT","OUT OF STOCK now",IF(M18="NO DATA","Not set up yet","No usage declared"))) -> Not set up yet | K9: ="≈ "&TEXT(K7*WorkDaysMonth,"#,##0")&" m3 per month ("&WorkDaysMonth&" working days)" -> ≈ 0 m3 per month (26 working days)
B10: =TEXT(D14,"#,##0")&" "&C14&IF(ISNUMBER(F14)," · "&TEXT(F14,"0%")&" full","") -> 0 bags | C10: =TEXT(D15,"#,##0")&" "&C15&IF(ISNUMBER(F15)," · "&TEXT(F15,"0%")&" full","") -> 0 m3 | E10: =TEXT(D16,"#,##0")&" "&C16&IF(ISNUMBER(F16)," · "&TEXT(F16,"0%")&" full","") -> 0 m3 | G10: =TEXT(D17,"#,##0")&" "&C17&IF(ISNUMBER(F17)," · "&TEXT(F17,"0%")&" full","") -> 0 m3 | I10: =TEXT(D18,"#,##0")&" "&C18&IF(ISNUMBER(F18)," · "&TEXT(F18,"0%")&" full","") -> 0 L | K10: ="Actual, last 7 days: "&TEXT(SUMIFS(Con_Vol,Con_Site,SelCrit,Con_Date,">"&(AsOfDate-7),Con_Date,"<="&AsOfDate)/MAX(1,NETWORKDAYS.INTL(AsOfDate-6,AsOfDate,WeekendMask,Holidays)),"#,##0.0")&" m3/day" -> Actual, last 7 days: 0.0 m3/day
B11: =M14 -> NO DATA | C11: =M15 -> NO DATA | E11: =M16 -> NO DATA | G11: =M17 -> NO DATA | I11: =M18 -> NO DATA | K11: =IF(K7>0,"PLAN DECLARED","NO DATA") -> NO DATA
B13: Material | C13: Unit | D13: Current Stock | E13: Max Capacity | F13: % of Capacity | G13: Use / Day | H13: Days Remaining | I13: On Order | J13: Reorder By | K13: Critical On | L13: Stock-out On | M13: Status | N13: Sites Critical / Out | O13: Suggested Order Qty | Q13: Code | R13: Lead (days) | S13: Safety (days) | T13: Reorder level (lead + safety) | U13: Critical level (lead time) | V13: Days remaining (on hand) | W13: % of capacity | X13: Earliest reorder | Y13: Earliest critical | Z13: Earliest stock-out | AA13: Silo/bin fill (of 20 bands) | AB13: Critical mark (band) | AC13: Reorder mark (band)
B14: =INDEX(Mat_Short,1) -> Cement | C14: =INDEX(Mat_Unit,1) -> bags | D14: =SUMIFS(SM_Stock,SM_Site,SelCrit,SM_Mat,$Q14) -> 0 | E14: =SUMIFS(SM_Cap,SM_Site,SelCrit,SM_Mat,$Q14) -> 0 | F14: =IF(E14>0,MAX(0,D14)/E14,"") | G14: =SUMIFS(SM_Rate,SM_Site,SelCrit,SM_Mat,$Q14) -> 0 | H14: =IF(G14>0,MAX(0,D14)/G14,"") | I14: =SUMIFS(SM_OnOrder,SM_Site,SelCrit,SM_Mat,$Q14) -> 0 | J14: =IF($X14>=1000000000,"",IF($X14<=AsOfDate,"NOW",$X14)) | K14: =IF($Y14>=1000000000,"",IF($Y14<=AsOfDate,"NOW",$Y14)) | L14: =IF($Z14>=1000000000,"",IF($Z14<=AsOfDate,"OUT",$Z14)) | M14: =IF(COUNTIFS(SM_Site,SelCrit,SM_Mat,$Q14)=0,"NO DATA",IF(COUNTIFS(SM_Site,SelCrit,SM_Mat,$Q14,SM_Status,"OUT OF STOCK")>0,"OUT OF STOCK",IF(COUNTIFS(SM_Site,SelCrit,SM_Mat,$Q14,SM_Status,"CRITICAL")>0,"CRITICAL",IF(COUNTIFS(SM_Site,SelCrit,SM_Mat,$Q14,SM_Status,"REORDER")>0,"REORDER",IF(COUNTIFS(SM_Site,SelCrit,SM_Mat,$Q14,SM_Status,"OK")>0,"OK","NO USAGE"))))) -> NO DATA | N14: =COUNTIFS(SM_Site,SelCrit,SM_Mat,$Q14,SM_Status,"CRITICAL")+COUNTIFS(SM_Site,SelCrit,SM_Mat,$Q14,SM_Status,"OUT OF STOCK") -> 0 | O14: =SUMIFS(SM_Order,SM_Site,SelCrit,SM_Mat,$Q14) -> 0 | Q14: =INDEX(Mat_Code,1) -> CEM | R14: =INDEX(Mat_Lead,1) -> 3 | S14: =INDEX(Mat_Safety,1) -> 2 | T14: =R14+S14 -> 5 | U14: =R14 -> 3 | V14: =IF(ISNUMBER(H14),H14,0) -> 0 | W14: =IF(ISNUMBER(F14),F14,0) -> 0 | X14: =SUMPRODUCT(MIN(((($C$4=SM_Site)+($R$4="*"))>0)*(SM_Mat=$Q14)*SM_RBn+(1-((($C$4=SM_Site)+($R$4="*"))>0)*(SM_Mat=$Q14))*1000000000)) -> 1000000000 | Y14: =SUMPRODUCT(MIN(((($C$4=SM_Site)+($R$4="*"))>0)*(SM_Mat=$Q14)*SM_CRn+(1-((($C$4=SM_Site)+($R$4="*"))>0)*(SM_Mat=$Q14))*1000000000)) -> 1000000000 | Z14: =SUMPRODUCT(MIN(((($C$4=SM_Site)+($R$4="*"))>0)*(SM_Mat=$Q14)*SM_SOn+(1-((($C$4=SM_Site)+($R$4="*"))>0)*(SM_Mat=$Q14))*1000000000)) -> 1000000000 | AA14: =IF(AND(E14>0,D14>0),MIN(20,MAX(1,ROUND(D14/E14*20,0))),0) -> 0 | AB14: =IF(AND(E14>0,G14>0,R14>0),MIN(20,MAX(1,ROUND(G14*R14/E14*20,0))),0) -> 0 | AC14: =IF(AND(E14>0,G14>0,T14>0),MIN(20,MAX(1,ROUND(G14*T14/E14*20,0))),0) -> 0
B15: =INDEX(Mat_Short,2) -> Sand | C15: =INDEX(Mat_Unit,2) -> m3 | D15: =SUMIFS(SM_Stock,SM_Site,SelCrit,SM_Mat,$Q15) -> 0 | E15: =SUMIFS(SM_Cap,SM_Site,SelCrit,SM_Mat,$Q15) -> 0 | F15: =IF(E15>0,MAX(0,D15)/E15,"") | G15: =SUMIFS(SM_Rate,SM_Site,SelCrit,SM_Mat,$Q15) -> 0 | H15: =IF(G15>0,MAX(0,D15)/G15,"") | I15: =SUMIFS(SM_OnOrder,SM_Site,SelCrit,SM_Mat,$Q15) -> 0 | J15: =IF($X15>=1000000000,"",IF($X15<=AsOfDate,"NOW",$X15)) | K15: =IF($Y15>=1000000000,"",IF($Y15<=AsOfDate,"NOW",$Y15)) | L15: =IF($Z15>=1000000000,"",IF($Z15<=AsOfDate,"OUT",$Z15)) | M15: =IF(COUNTIFS(SM_Site,SelCrit,SM_Mat,$Q15)=0,"NO DATA",IF(COUNTIFS(SM_Site,SelCrit,SM_Mat,$Q15,SM_Status,"OUT OF STOCK")>0,"OUT OF STOCK",IF(COUNTIFS(SM_Site,SelCrit,SM_Mat,$Q15,SM_Status,"CRITICAL")>0,"CRITICAL",IF(COUNTIFS(SM_Site,SelCrit,SM_Mat,$Q15,SM_Status,"REORDER")>0,"REORDER",IF(COUNTIFS(SM_Site,SelCrit,SM_Mat,$Q15,SM_Status,"OK")>0,"OK","NO USAGE"))))) -> NO DATA | N15: =COUNTIFS(SM_Site,SelCrit,SM_Mat,$Q15,SM_Status,"CRITICAL")+COUNTIFS(SM_Site,SelCrit,SM_Mat,$Q15,SM_Status,"OUT OF STOCK") -> 0 | O15: =SUMIFS(SM_Order,SM_Site,SelCrit,SM_Mat,$Q15) -> 0 | Q15: =INDEX(Mat_Code,2) -> SAND | R15: =INDEX(Mat_Lead,2) -> 2 | S15: =INDEX(Mat_Safety,2) -> 2 | T15: =R15+S15 -> 4 | U15: =R15 -> 2 | V15: =IF(ISNUMBER(H15),H15,0) -> 0 | W15: =IF(ISNUMBER(F15),F15,0) -> 0 | X15: =SUMPRODUCT(MIN(((($C$4=SM_Site)+($R$4="*"))>0)*(SM_Mat=$Q15)*SM_RBn+(1-((($C$4=SM_Site)+($R$4="*"))>0)*(SM_Mat=$Q15))*1000000000)) -> 1000000000 | Y15: =SUMPRODUCT(MIN(((($C$4=SM_Site)+($R$4="*"))>0)*(SM_Mat=$Q15)*SM_CRn+(1-((($C$4=SM_Site)+($R$4="*"))>0)*(SM_Mat=$Q15))*1000000000)) -> 1000000000 | Z15: =SUMPRODUCT(MIN(((($C$4=SM_Site)+($R$4="*"))>0)*(SM_Mat=$Q15)*SM_SOn+(1-((($C$4=SM_Site)+($R$4="*"))>0)*(SM_Mat=$Q15))*1000000000)) -> 1000000000 | AA15: =IF(AND(E15>0,D15>0),MIN(20,MAX(1,ROUND(D15/E15*20,0))),0) -> 0 | AB15: =IF(AND(E15>0,G15>0,R15>0),MIN(20,MAX(1,ROUND(G15*R15/E15*20,0))),0) -> 0 | AC15: =IF(AND(E15>0,G15>0,T15>0),MIN(20,MAX(1,ROUND(G15*T15/E15*20,0))),0) -> 0
B16: =INDEX(Mat_Short,3) -> Gravel 3/4" | C16: =INDEX(Mat_Unit,3) -> m3 | D16: =SUMIFS(SM_Stock,SM_Site,SelCrit,SM_Mat,$Q16) -> 0 | E16: =SUMIFS(SM_Cap,SM_Site,SelCrit,SM_Mat,$Q16) -> 0 | F16: =IF(E16>0,MAX(0,D16)/E16,"") | G16: =SUMIFS(SM_Rate,SM_Site,SelCrit,SM_Mat,$Q16) -> 0 | H16: =IF(G16>0,MAX(0,D16)/G16,"") | I16: =SUMIFS(SM_OnOrder,SM_Site,SelCrit,SM_Mat,$Q16) -> 0 | J16: =IF($X16>=1000000000,"",IF($X16<=AsOfDate,"NOW",$X16)) | K16: =IF($Y16>=1000000000,"",IF($Y16<=AsOfDate,"NOW",$Y16)) | L16: =IF($Z16>=1000000000,"",IF($Z16<=AsOfDate,"OUT",$Z16)) | M16: =IF(COUNTIFS(SM_Site,SelCrit,SM_Mat,$Q16)=0,"NO DATA",IF(COUNTIFS(SM_Site,SelCrit,SM_Mat,$Q16,SM_Status,"OUT OF STOCK")>0,"OUT OF STOCK",IF(COUNTIFS(SM_Site,SelCrit,SM_Mat,$Q16,SM_Status,"CRITICAL")>0,"CRITICAL",IF(COUNTIFS(SM_Site,SelCrit,SM_Mat,$Q16,SM_Status,"REORDER")>0,"REORDER",IF(COUNTIFS(SM_Site,SelCrit,SM_Mat,$Q16,SM_Status,"OK")>0,"OK","NO USAGE"))))) -> NO DATA | N16: =COUNTIFS(SM_Site,SelCrit,SM_Mat,$Q16,SM_Status,"CRITICAL")+COUNTIFS(SM_Site,SelCrit,SM_Mat,$Q16,SM_Status,"OUT OF STOCK") -> 0 | O16: =SUMIFS(SM_Order,SM_Site,SelCrit,SM_Mat,$Q16) -> 0 | Q16: =INDEX(Mat_Code,3) -> G34 | R16: =INDEX(Mat_Lead,3) -> 2 | S16: =INDEX(Mat_Safety,3) -> 2 | T16: =R16+S16 -> 4 | U16: =R16 -> 2 | V16: =IF(ISNUMBER(H16),H16,0) -> 0 | W16: =IF(ISNUMBER(F16),F16,0) -> 0 | X16: =SUMPRODUCT(MIN(((($C$4=SM_Site)+($R$4="*"))>0)*(SM_Mat=$Q16)*SM_RBn+(1-((($C$4=SM_Site)+($R$4="*"))>0)*(SM_Mat=$Q16))*1000000000)) -> 1000000000 | Y16: =SUMPRODUCT(MIN(((($C$4=SM_Site)+($R$4="*"))>0)*(SM_Mat=$Q16)*SM_CRn+(1-((($C$4=SM_Site)+($R$4="*"))>0)*(SM_Mat=$Q16))*1000000000)) -> 1000000000 | Z16: =SUMPRODUCT(MIN(((($C$4=SM_Site)+($R$4="*"))>0)*(SM_Mat=$Q16)*SM_SOn+(1-((($C$4=SM_Site)+($R$4="*"))>0)*(SM_Mat=$Q16))*1000000000)) -> 1000000000 | AA16: =IF(AND(E16>0,D16>0),MIN(20,MAX(1,ROUND(D16/E16*20,0))),0) -> 0 | AB16: =IF(AND(E16>0,G16>0,R16>0),MIN(20,MAX(1,ROUND(G16*R16/E16*20,0))),0) -> 0 | AC16: =IF(AND(E16>0,G16>0,T16>0),MIN(20,MAX(1,ROUND(G16*T16/E16*20,0))),0) -> 0
B17: =INDEX(Mat_Short,4) -> Gravel 3/8" | C17: =INDEX(Mat_Unit,4) -> m3 | D17: =SUMIFS(SM_Stock,SM_Site,SelCrit,SM_Mat,$Q17) -> 0 | E17: =SUMIFS(SM_Cap,SM_Site,SelCrit,SM_Mat,$Q17) -> 0 | F17: =IF(E17>0,MAX(0,D17)/E17,"") | G17: =SUMIFS(SM_Rate,SM_Site,SelCrit,SM_Mat,$Q17) -> 0 | H17: =IF(G17>0,MAX(0,D17)/G17,"") | I17: =SUMIFS(SM_OnOrder,SM_Site,SelCrit,SM_Mat,$Q17) -> 0 | J17: =IF($X17>=1000000000,"",IF($X17<=AsOfDate,"NOW",$X17)) | K17: =IF($Y17>=1000000000,"",IF($Y17<=AsOfDate,"NOW",$Y17)) | L17: =IF($Z17>=1000000000,"",IF($Z17<=AsOfDate,"OUT",$Z17)) | M17: =IF(COUNTIFS(SM_Site,SelCrit,SM_Mat,$Q17)=0,"NO DATA",IF(COUNTIFS(SM_Site,SelCrit,SM_Mat,$Q17,SM_Status,"OUT OF STOCK")>0,"OUT OF STOCK",IF(COUNTIFS(SM_Site,SelCrit,SM_Mat,$Q17,SM_Status,"CRITICAL")>0,"CRITICAL",IF(COUNTIFS(SM_Site,SelCrit,SM_Mat,$Q17,SM_Status,"REORDER")>0,"REORDER",IF(COUNTIFS(SM_Site,SelCrit,SM_Mat,$Q17,SM_Status,"OK")>0,"OK","NO USAGE"))))) -> NO DATA | N17: =COUNTIFS(SM_Site,SelCrit,SM_Mat,$Q17,SM_Status,"CRITICAL")+COUNTIFS(SM_Site,SelCrit,SM_Mat,$Q17,SM_Status,"OUT OF STOCK") -> 0 | O17: =SUMIFS(SM_Order,SM_Site,SelCrit,SM_Mat,$Q17) -> 0 | Q17: =INDEX(Mat_Code,4) -> G38 | R17: =INDEX(Mat_Lead,4) -> 2 | S17: =INDEX(Mat_Safety,4) -> 2 | T17: =R17+S17 -> 4 | U17: =R17 -> 2 | V17: =IF(ISNUMBER(H17),H17,0) -> 0 | W17: =IF(ISNUMBER(F17),F17,0) -> 0 | X17: =SUMPRODUCT(MIN(((($C$4=SM_Site)+($R$4="*"))>0)*(SM_Mat=$Q17)*SM_RBn+(1-((($C$4=SM_Site)+($R$4="*"))>0)*(SM_Mat=$Q17))*1000000000)) -> 1000000000 | Y17: =SUMPRODUCT(MIN(((($C$4=SM_Site)+($R$4="*"))>0)*(SM_Mat=$Q17)*SM_CRn+(1-((($C$4=SM_Site)+($R$4="*"))>0)*(SM_Mat=$Q17))*1000000000)) -> 1000000000 | Z17: =SUMPRODUCT(MIN(((($C$4=SM_Site)+($R$4="*"))>0)*(SM_Mat=$Q17)*SM_SOn+(1-((($C$4=SM_Site)+($R$4="*"))>0)*(SM_Mat=$Q17))*1000000000)) -> 1000000000 | AA17: =IF(AND(E17>0,D17>0),MIN(20,MAX(1,ROUND(D17/E17*20,0))),0) -> 0 | AB17: =IF(AND(E17>0,G17>0,R17>0),MIN(20,MAX(1,ROUND(G17*R17/E17*20,0))),0) -> 0 | AC17: =IF(AND(E17>0,G17>0,T17>0),MIN(20,MAX(1,ROUND(G17*T17/E17*20,0))),0) -> 0
B18: =INDEX(Mat_Short,5) -> Admixture | C18: =INDEX(Mat_Unit,5) -> L | D18: =SUMIFS(SM_Stock,SM_Site,SelCrit,SM_Mat,$Q18) -> 0 | E18: =SUMIFS(SM_Cap,SM_Site,SelCrit,SM_Mat,$Q18) -> 0 | F18: =IF(E18>0,MAX(0,D18)/E18,"") | G18: =SUMIFS(SM_Rate,SM_Site,SelCrit,SM_Mat,$Q18) -> 0 | H18: =IF(G18>0,MAX(0,D18)/G18,"") | I18: =SUMIFS(SM_OnOrder,SM_Site,SelCrit,SM_Mat,$Q18) -> 0 | J18: =IF($X18>=1000000000,"",IF($X18<=AsOfDate,"NOW",$X18)) | K18: =IF($Y18>=1000000000,"",IF($Y18<=AsOfDate,"NOW",$Y18)) | L18: =IF($Z18>=1000000000,"",IF($Z18<=AsOfDate,"OUT",$Z18)) | M18: =IF(COUNTIFS(SM_Site,SelCrit,SM_Mat,$Q18)=0,"NO DATA",IF(COUNTIFS(SM_Site,SelCrit,SM_Mat,$Q18,SM_Status,"OUT OF STOCK")>0,"OUT OF STOCK",IF(COUNTIFS(SM_Site,SelCrit,SM_Mat,$Q18,SM_Status,"CRITICAL")>0,"CRITICAL",IF(COUNTIFS(SM_Site,SelCrit,SM_Mat,$Q18,SM_Status,"REORDER")>0,"REORDER",IF(COUNTIFS(SM_Site,SelCrit,SM_Mat,$Q18,SM_Status,"OK")>0,"OK","NO USAGE"))))) -> NO DATA | N18: =COUNTIFS(SM_Site,SelCrit,SM_Mat,$Q18,SM_Status,"CRITICAL")+COUNTIFS(SM_Site,SelCrit,SM_Mat,$Q18,SM_Status,"OUT OF STOCK") -> 0 | O18: =SUMIFS(SM_Order,SM_Site,SelCrit,SM_Mat,$Q18) -> 0 | Q18: =INDEX(Mat_Code,5) -> ADM | R18: =INDEX(Mat_Lead,5) -> 5 | S18: =INDEX(Mat_Safety,5) -> 3 | T18: =R18+S18 -> 8 | U18: =R18 -> 5 | V18: =IF(ISNUMBER(H18),H18,0) -> 0 | W18: =IF(ISNUMBER(F18),F18,0) -> 0 | X18: =SUMPRODUCT(MIN(((($C$4=SM_Site)+($R$4="*"))>0)*(SM_Mat=$Q18)*SM_RBn+(1-((($C$4=SM_Site)+($R$4="*"))>0)*(SM_Mat=$Q18))*1000000000)) -> 1000000000 | Y18: =SUMPRODUCT(MIN(((($C$4=SM_Site)+($R$4="*"))>0)*(SM_Mat=$Q18)*SM_CRn+(1-((($C$4=SM_Site)+($R$4="*"))>0)*(SM_Mat=$Q18))*1000000000)) -> 1000000000 | Z18: =SUMPRODUCT(MIN(((($C$4=SM_Site)+($R$4="*"))>0)*(SM_Mat=$Q18)*SM_SOn+(1-((($C$4=SM_Site)+($R$4="*"))>0)*(SM_Mat=$Q18))*1000000000)) -> 1000000000 | AA18: =IF(AND(E18>0,D18>0),MIN(20,MAX(1,ROUND(D18/E18*20,0))),0) -> 0 | AB18: =IF(AND(E18>0,G18>0,R18>0),MIN(20,MAX(1,ROUND(G18*R18/E18*20,0))),0) -> 0 | AC18: =IF(AND(E18>0,G18>0,T18>0),MIN(20,MAX(1,ROUND(G18*T18/E18*20,0))),0) -> 0
B19: Days Remaining = stock on hand ÷ use per day (working days). Status, Reorder By and Critical On also count scheduled deliveries that arrive before the stock-out. All Sites: totals, the earliest date and the worst status across sites.
B20: ="STORAGE LEVELS — CEMENT SILO, AGGREGATE BINS & ADMIXTURE TANK ("&IF($R$4="*","all sites combined",$C$4)&") · fill = stock on hand ÷ max storage capacity" -> STORAGE LEVELS — CEMENT SILO, AGGREGATE BINS & ADMIXTURE TANK (all sites combined) · fill = stock on hand ÷ max storage capacity
F22: AGGREGATE BINS
B23: 100% — | C23: =IF(20=$AB$14,"– – critical level – –",IF(20=$AC$14,"– – reorder level – –",IF(20=$AA$14,TEXT($W$14,"0%"),""))) | F23: =IF(20=$AB$15,"– – critical level – –",IF(20=$AC$15,"– – reorder level – –",IF(20=$AA$15,TEXT($W$15,"0%"),""))) | H23: =IF(20=$AB$16,"– – critical level – –",IF(20=$AC$16,"– – reorder level – –",IF(20=$AA$16,TEXT($W$16,"0%"),""))) | J23: =IF(20=$AB$17,"– – critical level – –",IF(20=$AC$17,"– – reorder level – –",IF(20=$AA$17,TEXT($W$17,"0%"),""))) | M23: =IF(20=$AB$18,"– – critical level – –",IF(20=$AC$18,"– – reorder level – –",IF(20=$AA$18,TEXT($W$18,"0%"),"")))
C24: =IF(19=$AB$14,"– – critical level – –",IF(19=$AC$14,"– – reorder level – –",IF(19=$AA$14,TEXT($W$14,"0%"),""))) | F24: =IF(19=$AB$15,"– – critical level – –",IF(19=$AC$15,"– – reorder level – –",IF(19=$AA$15,TEXT($W$15,"0%"),""))) | H24: =IF(19=$AB$16,"– – critical level – –",IF(19=$AC$16,"– – reorder level – –",IF(19=$AA$16,TEXT($W$16,"0%"),""))) | J24: =IF(19=$AB$17,"– – critical level – –",IF(19=$AC$17,"– – reorder level – –",IF(19=$AA$17,TEXT($W$17,"0%"),""))) | M24: =IF(19=$AB$18,"– – critical level – –",IF(19=$AC$18,"– – reorder level – –",IF(19=$AA$18,TEXT($W$18,"0%"),"")))
C25: =IF(18=$AB$14,"– – critical level – –",IF(18=$AC$14,"– – reorder level – –",IF(18=$AA$14,TEXT($W$14,"0%"),""))) | F25: =IF(18=$AB$15,"– – critical level – –",IF(18=$AC$15,"– – reorder level – –",IF(18=$AA$15,TEXT($W$15,"0%"),""))) | H25: =IF(18=$AB$16,"– – critical level – –",IF(18=$AC$16,"– – reorder level – –",IF(18=$AA$16,TEXT($W$16,"0%"),""))) | J25: =IF(18=$AB$17,"– – critical level – –",IF(18=$AC$17,"– – reorder level – –",IF(18=$AA$17,TEXT($W$17,"0%"),""))) | M25: =IF(18=$AB$18,"– – critical level – –",IF(18=$AC$18,"– – reorder level – –",IF(18=$AA$18,TEXT($W$18,"0%"),"")))
C26: =IF(17=$AB$14,"– – critical level – –",IF(17=$AC$14,"– – reorder level – –",IF(17=$AA$14,TEXT($W$14,"0%"),""))) | F26: =IF(17=$AB$15,"– – critical level – –",IF(17=$AC$15,"– – reorder level – –",IF(17=$AA$15,TEXT($W$15,"0%"),""))) | H26: =IF(17=$AB$16,"– – critical level – –",IF(17=$AC$16,"– – reorder level – –",IF(17=$AA$16,TEXT($W$16,"0%"),""))) | J26: =IF(17=$AB$17,"– – critical level – –",IF(17=$AC$17,"– – reorder level – –",IF(17=$AA$17,TEXT($W$17,"0%"),""))) | M26: =IF(17=$AB$18,"– – critical level – –",IF(17=$AC$18,"– – reorder level – –",IF(17=$AA$18,TEXT($W$18,"0%"),"")))
C27: =IF(16=$AB$14,"– – critical level – –",IF(16=$AC$14,"– – reorder level – –",IF(16=$AA$14,TEXT($W$14,"0%"),""))) | F27: =IF(16=$AB$15,"– – critical level – –",IF(16=$AC$15,"– – reorder level – –",IF(16=$AA$15,TEXT($W$15,"0%"),""))) | H27: =IF(16=$AB$16,"– – critical level – –",IF(16=$AC$16,"– – reorder level – –",IF(16=$AA$16,TEXT($W$16,"0%"),""))) | J27: =IF(16=$AB$17,"– – critical level – –",IF(16=$AC$17,"– – reorder level – –",IF(16=$AA$17,TEXT($W$17,"0%"),""))) | M27: =IF(16=$AB$18,"– – critical level – –",IF(16=$AC$18,"– – reorder level – –",IF(16=$AA$18,TEXT($W$18,"0%"),"")))
B28: 75% — | C28: =IF(15=$AB$14,"– – critical level – –",IF(15=$AC$14,"– – reorder level – –",IF(15=$AA$14,TEXT($W$14,"0%"),""))) | F28: =IF(15=$AB$15,"– – critical level – –",IF(15=$AC$15,"– – reorder level – –",IF(15=$AA$15,TEXT($W$15,"0%"),""))) | H28: =IF(15=$AB$16,"– – critical level – –",IF(15=$AC$16,"– – reorder level – –",IF(15=$AA$16,TEXT($W$16,"0%"),""))) | J28: =IF(15=$AB$17,"– – critical level – –",IF(15=$AC$17,"– – reorder level – –",IF(15=$AA$17,TEXT($W$17,"0%"),""))) | M28: =IF(15=$AB$18,"– – critical level – –",IF(15=$AC$18,"– – reorder level – –",IF(15=$AA$18,TEXT($W$18,"0%"),"")))
C29: =IF(14=$AB$14,"– – critical level – –",IF(14=$AC$14,"– – reorder level – –",IF(14=$AA$14,TEXT($W$14,"0%"),""))) | F29: =IF(14=$AB$15,"– – critical level – –",IF(14=$AC$15,"– – reorder level – –",IF(14=$AA$15,TEXT($W$15,"0%"),""))) | H29: =IF(14=$AB$16,"– – critical level – –",IF(14=$AC$16,"– – reorder level – –",IF(14=$AA$16,TEXT($W$16,"0%"),""))) | J29: =IF(14=$AB$17,"– – critical level – –",IF(14=$AC$17,"– – reorder level – –",IF(14=$AA$17,TEXT($W$17,"0%"),""))) | M29: =IF(14=$AB$18,"– – critical level – –",IF(14=$AC$18,"– – reorder level – –",IF(14=$AA$18,TEXT($W$18,"0%"),"")))
C30: =IF(13=$AB$14,"– – critical level – –",IF(13=$AC$14,"– – reorder level – –",IF(13=$AA$14,TEXT($W$14,"0%"),""))) | F30: =IF(13=$AB$15,"– – critical level – –",IF(13=$AC$15,"– – reorder level – –",IF(13=$AA$15,TEXT($W$15,"0%"),""))) | H30: =IF(13=$AB$16,"– – critical level – –",IF(13=$AC$16,"– – reorder level – –",IF(13=$AA$16,TEXT($W$16,"0%"),""))) | J30: =IF(13=$AB$17,"– – critical level – –",IF(13=$AC$17,"– – reorder level – –",IF(13=$AA$17,TEXT($W$17,"0%"),""))) | M30: =IF(13=$AB$18,"– – critical level – –",IF(13=$AC$18,"– – reorder level – –",IF(13=$AA$18,TEXT($W$18,"0%"),"")))
C31: =IF(12=$AB$14,"– – critical level – –",IF(12=$AC$14,"– – reorder level – –",IF(12=$AA$14,TEXT($W$14,"0%"),""))) | F31: =IF(12=$AB$15,"– – critical level – –",IF(12=$AC$15,"– – reorder level – –",IF(12=$AA$15,TEXT($W$15,"0%"),""))) | H31: =IF(12=$AB$16,"– – critical level – –",IF(12=$AC$16,"– – reorder level – –",IF(12=$AA$16,TEXT($W$16,"0%"),""))) | J31: =IF(12=$AB$17,"– – critical level – –",IF(12=$AC$17,"– – reorder level – –",IF(12=$AA$17,TEXT($W$17,"0%"),""))) | M31: =IF(12=$AB$18,"– – critical level – –",IF(12=$AC$18,"– – reorder level – –",IF(12=$AA$18,TEXT($W$18,"0%"),"")))
C32: =IF(11=$AB$14,"– – critical level – –",IF(11=$AC$14,"– – reorder level – –",IF(11=$AA$14,TEXT($W$14,"0%"),""))) | F32: =IF(11=$AB$15,"– – critical level – –",IF(11=$AC$15,"– – reorder level – –",IF(11=$AA$15,TEXT($W$15,"0%"),""))) | H32: =IF(11=$AB$16,"– – critical level – –",IF(11=$AC$16,"– – reorder level – –",IF(11=$AA$16,TEXT($W$16,"0%"),""))) | J32: =IF(11=$AB$17,"– – critical level – –",IF(11=$AC$17,"– – reorder level – –",IF(11=$AA$17,TEXT($W$17,"0%"),""))) | M32: =IF(11=$AB$18,"– – critical level – –",IF(11=$AC$18,"– – reorder level – –",IF(11=$AA$18,TEXT($W$18,"0%"),"")))
B33: 50% — | C33: =IF(10=$AB$14,"– – critical level – –",IF(10=$AC$14,"– – reorder level – –",IF(10=$AA$14,TEXT($W$14,"0%"),""))) | F33: =IF(10=$AB$15,"– – critical level – –",IF(10=$AC$15,"– – reorder level – –",IF(10=$AA$15,TEXT($W$15,"0%"),""))) | H33: =IF(10=$AB$16,"– – critical level – –",IF(10=$AC$16,"– – reorder level – –",IF(10=$AA$16,TEXT($W$16,"0%"),""))) | J33: =IF(10=$AB$17,"– – critical level – –",IF(10=$AC$17,"– – reorder level – –",IF(10=$AA$17,TEXT($W$17,"0%"),""))) | M33: =IF(10=$AB$18,"– – critical level – –",IF(10=$AC$18,"– – reorder level – –",IF(10=$AA$18,TEXT($W$18,"0%"),"")))
C34: =IF(9=$AB$14,"– – critical level – –",IF(9=$AC$14,"– – reorder level – –",IF(9=$AA$14,TEXT($W$14,"0%"),""))) | F34: =IF(9=$AB$15,"– – critical level – –",IF(9=$AC$15,"– – reorder level – –",IF(9=$AA$15,TEXT($W$15,"0%"),""))) | H34: =IF(9=$AB$16,"– – critical level – –",IF(9=$AC$16,"– – reorder level – –",IF(9=$AA$16,TEXT($W$16,"0%"),""))) | J34: =IF(9=$AB$17,"– – critical level – –",IF(9=$AC$17,"– – reorder level – –",IF(9=$AA$17,TEXT($W$17,"0%"),""))) | M34: =IF(9=$AB$18,"– – critical level – –",IF(9=$AC$18,"– – reorder level – –",IF(9=$AA$18,TEXT($W$18,"0%"),"")))
C35: =IF(8=$AB$14,"– – critical level – –",IF(8=$AC$14,"– – reorder level – –",IF(8=$AA$14,TEXT($W$14,"0%"),""))) | F35: =IF(8=$AB$15,"– – critical level – –",IF(8=$AC$15,"– – reorder level – –",IF(8=$AA$15,TEXT($W$15,"0%"),""))) | H35: =IF(8=$AB$16,"– – critical level – –",IF(8=$AC$16,"– – reorder level – –",IF(8=$AA$16,TEXT($W$16,"0%"),""))) | J35: =IF(8=$AB$17,"– – critical level – –",IF(8=$AC$17,"– – reorder level – –",IF(8=$AA$17,TEXT($W$17,"0%"),""))) | M35: =IF(8=$AB$18,"– – critical level – –",IF(8=$AC$18,"– – reorder level – –",IF(8=$AA$18,TEXT($W$18,"0%"),"")))
C36: =IF(7=$AB$14,"– – critical level – –",IF(7=$AC$14,"– – reorder level – –",IF(7=$AA$14,TEXT($W$14,"0%"),""))) | F36: =IF(7=$AB$15,"– – critical level – –",IF(7=$AC$15,"– – reorder level – –",IF(7=$AA$15,TEXT($W$15,"0%"),""))) | H36: =IF(7=$AB$16,"– – critical level – –",IF(7=$AC$16,"– – reorder level – –",IF(7=$AA$16,TEXT($W$16,"0%"),""))) | J36: =IF(7=$AB$17,"– – critical level – –",IF(7=$AC$17,"– – reorder level – –",IF(7=$AA$17,TEXT($W$17,"0%"),""))) | M36: =IF(7=$AB$18,"– – critical level – –",IF(7=$AC$18,"– – reorder level – –",IF(7=$AA$18,TEXT($W$18,"0%"),"")))
C37: =IF(6=$AB$14,"– – critical level – –",IF(6=$AC$14,"– – reorder level – –",IF(6=$AA$14,TEXT($W$14,"0%"),""))) | F37: =IF(6=$AB$15,"– – critical level – –",IF(6=$AC$15,"– – reorder level – –",IF(6=$AA$15,TEXT($W$15,"0%"),""))) | H37: =IF(6=$AB$16,"– – critical level – –",IF(6=$AC$16,"– – reorder level – –",IF(6=$AA$16,TEXT($W$16,"0%"),""))) | J37: =IF(6=$AB$17,"– – critical level – –",IF(6=$AC$17,"– – reorder level – –",IF(6=$AA$17,TEXT($W$17,"0%"),""))) | M37: =IF(6=$AB$18,"– – critical level – –",IF(6=$AC$18,"– – reorder level – –",IF(6=$AA$18,TEXT($W$18,"0%"),"")))
B38: 25% — | C38: =IF(5=$AB$14,"– – critical level – –",IF(5=$AC$14,"– – reorder level – –",IF(5=$AA$14,TEXT($W$14,"0%"),""))) | F38: =IF(5=$AB$15,"– – critical level – –",IF(5=$AC$15,"– – reorder level – –",IF(5=$AA$15,TEXT($W$15,"0%"),""))) | H38: =IF(5=$AB$16,"– – critical level – –",IF(5=$AC$16,"– – reorder level – –",IF(5=$AA$16,TEXT($W$16,"0%"),""))) | J38: =IF(5=$AB$17,"– – critical level – –",IF(5=$AC$17,"– – reorder level – –",IF(5=$AA$17,TEXT($W$17,"0%"),""))) | M38: =IF(5=$AB$18,"– – critical level – –",IF(5=$AC$18,"– – reorder level – –",IF(5=$AA$18,TEXT($W$18,"0%"),"")))
C39: =IF(4=$AB$14,"– – critical level – –",IF(4=$AC$14,"– – reorder level – –",IF(4=$AA$14,TEXT($W$14,"0%"),""))) | F39: =IF(4=$AB$15,"– – critical level – –",IF(4=$AC$15,"– – reorder level – –",IF(4=$AA$15,TEXT($W$15,"0%"),""))) | H39: =IF(4=$AB$16,"– – critical level – –",IF(4=$AC$16,"– – reorder level – –",IF(4=$AA$16,TEXT($W$16,"0%"),""))) | J39: =IF(4=$AB$17,"– – critical level – –",IF(4=$AC$17,"– – reorder level – –",IF(4=$AA$17,TEXT($W$17,"0%"),""))) | M39: =IF(4=$AB$18,"– – critical level – –",IF(4=$AC$18,"– – reorder level – –",IF(4=$AA$18,TEXT($W$18,"0%"),"")))
C40: =IF(3=$AB$14,"– – critical level – –",IF(3=$AC$14,"– – reorder level – –",IF(3=$AA$14,TEXT($W$14,"0%"),""))) | F40: =IF(3=$AB$15,"– – critical level – –",IF(3=$AC$15,"– – reorder level – –",IF(3=$AA$15,TEXT($W$15,"0%"),""))) | H40: =IF(3=$AB$16,"– – critical level – –",IF(3=$AC$16,"– – reorder level – –",IF(3=$AA$16,TEXT($W$16,"0%"),""))) | J40: =IF(3=$AB$17,"– – critical level – –",IF(3=$AC$17,"– – reorder level – –",IF(3=$AA$17,TEXT($W$17,"0%"),""))) | M40: =IF(3=$AB$18,"– – critical level – –",IF(3=$AC$18,"– – reorder level – –",IF(3=$AA$18,TEXT($W$18,"0%"),"")))
C41: =IF(2=$AB$14,"– – critical level – –",IF(2=$AC$14,"– – reorder level – –",IF(2=$AA$14,TEXT($W$14,"0%"),""))) | F41: =IF(2=$AB$15,"– – critical level – –",IF(2=$AC$15,"– – reorder level – –",IF(2=$AA$15,TEXT($W$15,"0%"),""))) | H41: =IF(2=$AB$16,"– – critical level – –",IF(2=$AC$16,"– – reorder level – –",IF(2=$AA$16,TEXT($W$16,"0%"),""))) | J41: =IF(2=$AB$17,"– – critical level – –",IF(2=$AC$17,"– – reorder level – –",IF(2=$AA$17,TEXT($W$17,"0%"),""))) | M41: =IF(2=$AB$18,"– – critical level – –",IF(2=$AC$18,"– – reorder level – –",IF(2=$AA$18,TEXT($W$18,"0%"),"")))
B42: 0% — | C42: =IF(1=$AB$14,"– – critical level – –",IF(1=$AC$14,"– – reorder level – –",IF(1=$AA$14,TEXT($W$14,"0%"),""))) | F42: =IF(1=$AB$15,"– – critical level – –",IF(1=$AC$15,"– – reorder level – –",IF(1=$AA$15,TEXT($W$15,"0%"),""))) | H42: =IF(1=$AB$16,"– – critical level – –",IF(1=$AC$16,"– – reorder level – –",IF(1=$AA$16,TEXT($W$16,"0%"),""))) | J42: =IF(1=$AB$17,"– – critical level – –",IF(1=$AC$17,"– – reorder level – –",IF(1=$AA$17,TEXT($W$17,"0%"),""))) | M42: =IF(1=$AB$18,"– – critical level – –",IF(1=$AC$18,"– – reorder level – –",IF(1=$AA$18,TEXT($W$18,"0%"),"")))
C46: =UPPER(INDEX(Mat_Short,1))&" SILO" -> CEMENT SILO | F46: =UPPER(INDEX(Mat_Short,2))&" BIN" -> SAND BIN | H46: =UPPER(INDEX(Mat_Short,3))&" BIN" -> GRAVEL 3/4" BIN | J46: =UPPER(INDEX(Mat_Short,4))&" BIN" -> GRAVEL 3/8" BIN | M46: =UPPER(INDEX(Mat_Short,5))&" TANK" -> ADMIXTURE TANK
C47: =IF(ISNUMBER(F14),TEXT(F14,"0%")&" full",IF(M14="NO DATA","not set up","no capacity set")) -> not set up | F47: =IF(ISNUMBER(F15),TEXT(F15,"0%")&" full",IF(M15="NO DATA","not set up","no capacity set")) -> not set up | H47: =IF(ISNUMBER(F16),TEXT(F16,"0%")&" full",IF(M16="NO DATA","not set up","no capacity set")) -> not set up | J47: =IF(ISNUMBER(F17),TEXT(F17,"0%")&" full",IF(M17="NO DATA","not set up","no capacity set")) -> not set up | M47: =IF(ISNUMBER(F18),TEXT(F18,"0%")&" full",IF(M18="NO DATA","not set up","no capacity set")) -> not set up
C48: =TEXT(D14,"#,##0")&" / "&TEXT(E14,"#,##0")&" "&C14 -> 0 / 0 bags | F48: =TEXT(D15,"#,##0")&" / "&TEXT(E15,"#,##0")&" "&C15 -> 0 / 0 m3 | H48: =TEXT(D16,"#,##0")&" / "&TEXT(E16,"#,##0")&" "&C16 -> 0 / 0 m3 | J48: =TEXT(D17,"#,##0")&" / "&TEXT(E17,"#,##0")&" "&C17 -> 0 / 0 m3 | M48: =TEXT(D18,"#,##0")&" / "&TEXT(E18,"#,##0")&" "&C18 -> 0 / 0 L
C49: =IF(ISNUMBER(H14),TEXT(H14,"0.0")&" days left",IF(M14="NO DATA","–","no usage")) -> – | F49: =IF(ISNUMBER(H15),TEXT(H15,"0.0")&" days left",IF(M15="NO DATA","–","no usage")) -> – | H49: =IF(ISNUMBER(H16),TEXT(H16,"0.0")&" days left",IF(M16="NO DATA","–","no usage")) -> – | J49: =IF(ISNUMBER(H17),TEXT(H17,"0.0")&" days left",IF(M17="NO DATA","–","no usage")) -> – | M49: =IF(ISNUMBER(H18),TEXT(H18,"0.0")&" days left",IF(M18="NO DATA","–","no usage")) -> –
C50: =M14 -> NO DATA | F50: =M15 -> NO DATA | H50: =M16 -> NO DATA | J50: =M17 -> NO DATA | M50: =M18 -> NO DATA
B51: How to read: coloured fill = stock on hand ÷ max storage capacity (5 % bands) · – – critical level – – = usage during the supplier lead time · – – reorder level – – = lead time + safety stock · badge = status (counts scheduled deliveries) · All Sites = combined stock and capacity
B53: ALL SITES — DAYS REMAINING (working days, colour = status) AND % OF CAPACITY
B54: Site / Project | C54: =INDEX(Mat_Short,1)&CHAR(10)&"days left" -> Cement days left | D54: =INDEX(Mat_Short,2)&CHAR(10)&"days left" -> Sand days left | E54: =INDEX(Mat_Short,3)&CHAR(10)&"days left" -> Gravel 3/4" days left | F54: =INDEX(Mat_Short,4)&CHAR(10)&"days left" -> Gravel 3/8" days left | G54: =INDEX(Mat_Short,5)&CHAR(10)&"days left" -> Admixture days left | H54: =INDEX(Mat_Short,1)&CHAR(10)&"% full" -> Cement % full | I54: =INDEX(Mat_Short,2)&CHAR(10)&"% full" -> Sand % full | J54: =INDEX(Mat_Short,3)&CHAR(10)&"% full" -> Gravel 3/4" % full | K54: =INDEX(Mat_Short,4)&CHAR(10)&"% full" -> Gravel 3/8" % full | L54: =INDEX(Mat_Short,5)&CHAR(10)&"% full" -> Admixture % full | M54: Worst Status | N54: Lowest Days Left | O54: Stock-out ≈
B55: =IF(Settings!$B19="","",Settings!$B19) -> Batulao Parkhomes | C55: =IF($B55="","",IF(COUNTIFS(SM_Site,$B55,SM_Mat,Settings!$B$11)=0,"",IF(SUMIFS(SM_Rate,SM_Site,$B55,SM_Mat,Settings!$B$11)>0,MAX(0,SUMIFS(SM_Stock,SM_Site,$B55,SM_Mat,Settings!$B$11))/SUMIFS(SM_Rate,SM_Site,$B55,SM_Mat,Settings!$B$11),"no use"))) | D55: =IF($B55="","",IF(COUNTIFS(SM_Site,$B55,SM_Mat,Settings!$B$12)=0,"",IF(SUMIFS(SM_Rate,SM_Site,$B55,SM_Mat,Settings!$B$12)>0,MAX(0,SUMIFS(SM_Stock,SM_Site,$B55,SM_Mat,Settings!$B$12))/SUMIFS(SM_Rate,SM_Site,$B55,SM_Mat,Settings!$B$12),"no use"))) | E55: =IF($B55="","",IF(COUNTIFS(SM_Site,$B55,SM_Mat,Settings!$B$13)=0,"",IF(SUMIFS(SM_Rate,SM_Site,$B55,SM_Mat,Settings!$B$13)>0,MAX(0,SUMIFS(SM_Stock,SM_Site,$B55,SM_Mat,Settings!$B$13))/SUMIFS(SM_Rate,SM_Site,$B55,SM_Mat,Settings!$B$13),"no use"))) | F55: =IF($B55="","",IF(COUNTIFS(SM_Site,$B55,SM_Mat,Settings!$B$14)=0,"",IF(SUMIFS(SM_Rate,SM_Site,$B55,SM_Mat,Settings!$B$14)>0,MAX(0,SUMIFS(SM_Stock,SM_Site,$B55,SM_Mat,Settings!$B$14))/SUMIFS(SM_Rate,SM_Site,$B55,SM_Mat,Settings!$B$14),"no use"))) | G55: =IF($B55="","",IF(COUNTIFS(SM_Site,$B55,SM_Mat,Settings!$B$15)=0,"",IF(SUMIFS(SM_Rate,SM_Site,$B55,SM_Mat,Settings!$B$15)>0,MAX(0,SUMIFS(SM_Stock,SM_Site,$B55,SM_Mat,Settings!$B$15))/SUMIFS(SM_Rate,SM_Site,$B55,SM_Mat,Settings!$B$15),"no use"))) | H55: =IF($B55="","",IF(SUMIFS(SM_Cap,SM_Site,$B55,SM_Mat,Settings!$B$11)>0,MAX(0,SUMIFS(SM_Stock,SM_Site,$B55,SM_Mat,Settings!$B$11))/SUMIFS(SM_Cap,SM_Site,$B55,SM_Mat,Settings!$B$11),"")) | I55: =IF($B55="","",IF(SUMIFS(SM_Cap,SM_Site,$B55,SM_Mat,Settings!$B$12)>0,MAX(0,SUMIFS(SM_Stock,SM_Site,$B55,SM_Mat,Settings!$B$12))/SUMIFS(SM_Cap,SM_Site,$B55,SM_Mat,Settings!$B$12),"")) | J55: =IF($B55="","",IF(SUMIFS(SM_Cap,SM_Site,$B55,SM_Mat,Settings!$B$13)>0,MAX(0,SUMIFS(SM_Stock,SM_Site,$B55,SM_Mat,Settings!$B$13))/SUMIFS(SM_Cap,SM_Site,$B55,SM_Mat,Settings!$B$13),"")) | K55: =IF($B55="","",IF(SUMIFS(SM_Cap,SM_Site,$B55,SM_Mat,Settings!$B$14)>0,MAX(0,SUMIFS(SM_Stock,SM_Site,$B55,SM_Mat,Settings!$B$14))/SUMIFS(SM_Cap,SM_Site,$B55,SM_Mat,Settings!$B$14),"")) | L55: =IF($B55="","",IF(SUMIFS(SM_Cap,SM_Site,$B55,SM_Mat,Settings!$B$15)>0,MAX(0,SUMIFS(SM_Stock,SM_Site,$B55,SM_Mat,Settings!$B$15))/SUMIFS(SM_Cap,SM_Site,$B55,SM_Mat,Settings!$B$15),"")) | M55: =IF($B55="","",IF(COUNTIF(SM_Site,$B55)=0,"NOT SET UP",IF(COUNTIFS(SM_Site,$B55,SM_Status,"OUT OF STOCK")>0,"OUT OF STOCK",IF(COUNTIFS(SM_Site,$B55,SM_Status,"CRITICAL")>0,"CRITICAL",IF(COUNTIFS(SM_Site,$B55,SM_Status,"REORDER")>0,"REORDER",IF(COUNTIFS(SM_Site,$B55,SM_Status,"OK")>0,"OK","NO USAGE")))))) -> NOT SET UP | N55: =IF(COUNT(C55:G55)=0,"",MIN(C55:G55)) | O55: =IF(N55="","",IF(N55<=0,"OUT",WORKDAY.INTL(AsOfDate,ROUNDUP(N55,0),WeekendMask,Holidays)))
B56: =IF(Settings!$B20="","",Settings!$B20) -> Calauan (Alora+Amani) | C56: =IF($B56="","",IF(COUNTIFS(SM_Site,$B56,SM_Mat,Settings!$B$11)=0,"",IF(SUMIFS(SM_Rate,SM_Site,$B56,SM_Mat,Settings!$B$11)>0,MAX(0,SUMIFS(SM_Stock,SM_Site,$B56,SM_Mat,Settings!$B$11))/SUMIFS(SM_Rate,SM_Site,$B56,SM_Mat,Settings!$B$11),"no use"))) | D56: =IF($B56="","",IF(COUNTIFS(SM_Site,$B56,SM_Mat,Settings!$B$12)=0,"",IF(SUMIFS(SM_Rate,SM_Site,$B56,SM_Mat,Settings!$B$12)>0,MAX(0,SUMIFS(SM_Stock,SM_Site,$B56,SM_Mat,Settings!$B$12))/SUMIFS(SM_Rate,SM_Site,$B56,SM_Mat,Settings!$B$12),"no use"))) | E56: =IF($B56="","",IF(COUNTIFS(SM_Site,$B56,SM_Mat,Settings!$B$13)=0,"",IF(SUMIFS(SM_Rate,SM_Site,$B56,SM_Mat,Settings!$B$13)>0,MAX(0,SUMIFS(SM_Stock,SM_Site,$B56,SM_Mat,Settings!$B$13))/SUMIFS(SM_Rate,SM_Site,$B56,SM_Mat,Settings!$B$13),"no use"))) | F56: =IF($B56="","",IF(COUNTIFS(SM_Site,$B56,SM_Mat,Settings!$B$14)=0,"",IF(SUMIFS(SM_Rate,SM_Site,$B56,SM_Mat,Settings!$B$14)>0,MAX(0,SUMIFS(SM_Stock,SM_Site,$B56,SM_Mat,Settings!$B$14))/SUMIFS(SM_Rate,SM_Site,$B56,SM_Mat,Settings!$B$14),"no use"))) | G56: =IF($B56="","",IF(COUNTIFS(SM_Site,$B56,SM_Mat,Settings!$B$15)=0,"",IF(SUMIFS(SM_Rate,SM_Site,$B56,SM_Mat,Settings!$B$15)>0,MAX(0,SUMIFS(SM_Stock,SM_Site,$B56,SM_Mat,Settings!$B$15))/SUMIFS(SM_Rate,SM_Site,$B56,SM_Mat,Settings!$B$15),"no use"))) | H56: =IF($B56="","",IF(SUMIFS(SM_Cap,SM_Site,$B56,SM_Mat,Settings!$B$11)>0,MAX(0,SUMIFS(SM_Stock,SM_Site,$B56,SM_Mat,Settings!$B$11))/SUMIFS(SM_Cap,SM_Site,$B56,SM_Mat,Settings!$B$11),"")) | I56: =IF($B56="","",IF(SUMIFS(SM_Cap,SM_Site,$B56,SM_Mat,Settings!$B$12)>0,MAX(0,SUMIFS(SM_Stock,SM_Site,$B56,SM_Mat,Settings!$B$12))/SUMIFS(SM_Cap,SM_Site,$B56,SM_Mat,Settings!$B$12),"")) | J56: =IF($B56="","",IF(SUMIFS(SM_Cap,SM_Site,$B56,SM_Mat,Settings!$B$13)>0,MAX(0,SUMIFS(SM_Stock,SM_Site,$B56,SM_Mat,Settings!$B$13))/SUMIFS(SM_Cap,SM_Site,$B56,SM_Mat,Settings!$B$13),"")) | K56: =IF($B56="","",IF(SUMIFS(SM_Cap,SM_Site,$B56,SM_Mat,Settings!$B$14)>0,MAX(0,SUMIFS(SM_Stock,SM_Site,$B56,SM_Mat,Settings!$B$14))/SUMIFS(SM_Cap,SM_Site,$B56,SM_Mat,Settings!$B$14),"")) | L56: =IF($B56="","",IF(SUMIFS(SM_Cap,SM_Site,$B56,SM_Mat,Settings!$B$15)>0,MAX(0,SUMIFS(SM_Stock,SM_Site,$B56,SM_Mat,Settings!$B$15))/SUMIFS(SM_Cap,SM_Site,$B56,SM_Mat,Settings!$B$15),"")) | M56: =IF($B56="","",IF(COUNTIF(SM_Site,$B56)=0,"NOT SET UP",IF(COUNTIFS(SM_Site,$B56,SM_Status,"OUT OF STOCK")>0,"OUT OF STOCK",IF(COUNTIFS(SM_Site,$B56,SM_Status,"CRITICAL")>0,"CRITICAL",IF(COUNTIFS(SM_Site,$B56,SM_Status,"REORDER")>0,"REORDER",IF(COUNTIFS(SM_Site,$B56,SM_Status,"OK")>0,"OK","NO USAGE")))))) -> NOT SET UP | N56: =IF(COUNT(C56:G56)=0,"",MIN(C56:G56)) | O56: =IF(N56="","",IF(N56<=0,"OUT",WORKDAY.INTL(AsOfDate,ROUNDUP(N56,0),WeekendMask,Holidays)))
B57: =IF(Settings!$B21="","",Settings!$B21) -> Gentri | C57: =IF($B57="","",IF(COUNTIFS(SM_Site,$B57,SM_Mat,Settings!$B$11)=0,"",IF(SUMIFS(SM_Rate,SM_Site,$B57,SM_Mat,Settings!$B$11)>0,MAX(0,SUMIFS(SM_Stock,SM_Site,$B57,SM_Mat,Settings!$B$11))/SUMIFS(SM_Rate,SM_Site,$B57,SM_Mat,Settings!$B$11),"no use"))) | D57: =IF($B57="","",IF(COUNTIFS(SM_Site,$B57,SM_Mat,Settings!$B$12)=0,"",IF(SUMIFS(SM_Rate,SM_Site,$B57,SM_Mat,Settings!$B$12)>0,MAX(0,SUMIFS(SM_Stock,SM_Site,$B57,SM_Mat,Settings!$B$12))/SUMIFS(SM_Rate,SM_Site,$B57,SM_Mat,Settings!$B$12),"no use"))) | E57: =IF($B57="","",IF(COUNTIFS(SM_Site,$B57,SM_Mat,Settings!$B$13)=0,"",IF(SUMIFS(SM_Rate,SM_Site,$B57,SM_Mat,Settings!$B$13)>0,MAX(0,SUMIFS(SM_Stock,SM_Site,$B57,SM_Mat,Settings!$B$13))/SUMIFS(SM_Rate,SM_Site,$B57,SM_Mat,Settings!$B$13),"no use"))) | F57: =IF($B57="","",IF(COUNTIFS(SM_Site,$B57,SM_Mat,Settings!$B$14)=0,"",IF(SUMIFS(SM_Rate,SM_Site,$B57,SM_Mat,Settings!$B$14)>0,MAX(0,SUMIFS(SM_Stock,SM_Site,$B57,SM_Mat,Settings!$B$14))/SUMIFS(SM_Rate,SM_Site,$B57,SM_Mat,Settings!$B$14),"no use"))) | G57: =IF($B57="","",IF(COUNTIFS(SM_Site,$B57,SM_Mat,Settings!$B$15)=0,"",IF(SUMIFS(SM_Rate,SM_Site,$B57,SM_Mat,Settings!$B$15)>0,MAX(0,SUMIFS(SM_Stock,SM_Site,$B57,SM_Mat,Settings!$B$15))/SUMIFS(SM_Rate,SM_Site,$B57,SM_Mat,Settings!$B$15),"no use"))) | H57: =IF($B57="","",IF(SUMIFS(SM_Cap,SM_Site,$B57,SM_Mat,Settings!$B$11)>0,MAX(0,SUMIFS(SM_Stock,SM_Site,$B57,SM_Mat,Settings!$B$11))/SUMIFS(SM_Cap,SM_Site,$B57,SM_Mat,Settings!$B$11),"")) | I57: =IF($B57="","",IF(SUMIFS(SM_Cap,SM_Site,$B57,SM_Mat,Settings!$B$12)>0,MAX(0,SUMIFS(SM_Stock,SM_Site,$B57,SM_Mat,Settings!$B$12))/SUMIFS(SM_Cap,SM_Site,$B57,SM_Mat,Settings!$B$12),"")) | J57: =IF($B57="","",IF(SUMIFS(SM_Cap,SM_Site,$B57,SM_Mat,Settings!$B$13)>0,MAX(0,SUMIFS(SM_Stock,SM_Site,$B57,SM_Mat,Settings!$B$13))/SUMIFS(SM_Cap,SM_Site,$B57,SM_Mat,Settings!$B$13),"")) | K57: =IF($B57="","",IF(SUMIFS(SM_Cap,SM_Site,$B57,SM_Mat,Settings!$B$14)>0,MAX(0,SUMIFS(SM_Stock,SM_Site,$B57,SM_Mat,Settings!$B$14))/SUMIFS(SM_Cap,SM_Site,$B57,SM_Mat,Settings!$B$14),"")) | L57: =IF($B57="","",IF(SUMIFS(SM_Cap,SM_Site,$B57,SM_Mat,Settings!$B$15)>0,MAX(0,SUMIFS(SM_Stock,SM_Site,$B57,SM_Mat,Settings!$B$15))/SUMIFS(SM_Cap,SM_Site,$B57,SM_Mat,Settings!$B$15),"")) | M57: =IF($B57="","",IF(COUNTIF(SM_Site,$B57)=0,"NOT SET UP",IF(COUNTIFS(SM_Site,$B57,SM_Status,"OUT OF STOCK")>0,"OUT OF STOCK",IF(COUNTIFS(SM_Site,$B57,SM_Status,"CRITICAL")>0,"CRITICAL",IF(COUNTIFS(SM_Site,$B57,SM_Status,"REORDER")>0,"REORDER",IF(COUNTIFS(SM_Site,$B57,SM_Status,"OK")>0,"OK","NO USAGE")))))) -> NOT SET UP | N57: =IF(COUNT(C57:G57)=0,"",MIN(C57:G57)) | O57: =IF(N57="","",IF(N57<=0,"OUT",WORKDAY.INTL(AsOfDate,ROUNDUP(N57,0),WeekendMask,Holidays)))
B58: =IF(Settings!$B22="","",Settings!$B22) -> Naic | C58: =IF($B58="","",IF(COUNTIFS(SM_Site,$B58,SM_Mat,Settings!$B$11)=0,"",IF(SUMIFS(SM_Rate,SM_Site,$B58,SM_Mat,Settings!$B$11)>0,MAX(0,SUMIFS(SM_Stock,SM_Site,$B58,SM_Mat,Settings!$B$11))/SUMIFS(SM_Rate,SM_Site,$B58,SM_Mat,Settings!$B$11),"no use"))) | D58: =IF($B58="","",IF(COUNTIFS(SM_Site,$B58,SM_Mat,Settings!$B$12)=0,"",IF(SUMIFS(SM_Rate,SM_Site,$B58,SM_Mat,Settings!$B$12)>0,MAX(0,SUMIFS(SM_Stock,SM_Site,$B58,SM_Mat,Settings!$B$12))/SUMIFS(SM_Rate,SM_Site,$B58,SM_Mat,Settings!$B$12),"no use"))) | E58: =IF($B58="","",IF(COUNTIFS(SM_Site,$B58,SM_Mat,Settings!$B$13)=0,"",IF(SUMIFS(SM_Rate,SM_Site,$B58,SM_Mat,Settings!$B$13)>0,MAX(0,SUMIFS(SM_Stock,SM_Site,$B58,SM_Mat,Settings!$B$13))/SUMIFS(SM_Rate,SM_Site,$B58,SM_Mat,Settings!$B$13),"no use"))) | F58: =IF($B58="","",IF(COUNTIFS(SM_Site,$B58,SM_Mat,Settings!$B$14)=0,"",IF(SUMIFS(SM_Rate,SM_Site,$B58,SM_Mat,Settings!$B$14)>0,MAX(0,SUMIFS(SM_Stock,SM_Site,$B58,SM_Mat,Settings!$B$14))/SUMIFS(SM_Rate,SM_Site,$B58,SM_Mat,Settings!$B$14),"no use"))) | G58: =IF($B58="","",IF(COUNTIFS(SM_Site,$B58,SM_Mat,Settings!$B$15)=0,"",IF(SUMIFS(SM_Rate,SM_Site,$B58,SM_Mat,Settings!$B$15)>0,MAX(0,SUMIFS(SM_Stock,SM_Site,$B58,SM_Mat,Settings!$B$15))/SUMIFS(SM_Rate,SM_Site,$B58,SM_Mat,Settings!$B$15),"no use"))) | H58: =IF($B58="","",IF(SUMIFS(SM_Cap,SM_Site,$B58,SM_Mat,Settings!$B$11)>0,MAX(0,SUMIFS(SM_Stock,SM_Site,$B58,SM_Mat,Settings!$B$11))/SUMIFS(SM_Cap,SM_Site,$B58,SM_Mat,Settings!$B$11),"")) | I58: =IF($B58="","",IF(SUMIFS(SM_Cap,SM_Site,$B58,SM_Mat,Settings!$B$12)>0,MAX(0,SUMIFS(SM_Stock,SM_Site,$B58,SM_Mat,Settings!$B$12))/SUMIFS(SM_Cap,SM_Site,$B58,SM_Mat,Settings!$B$12),"")) | J58: =IF($B58="","",IF(SUMIFS(SM_Cap,SM_Site,$B58,SM_Mat,Settings!$B$13)>0,MAX(0,SUMIFS(SM_Stock,SM_Site,$B58,SM_Mat,Settings!$B$13))/SUMIFS(SM_Cap,SM_Site,$B58,SM_Mat,Settings!$B$13),"")) | K58: =IF($B58="","",IF(SUMIFS(SM_Cap,SM_Site,$B58,SM_Mat,Settings!$B$14)>0,MAX(0,SUMIFS(SM_Stock,SM_Site,$B58,SM_Mat,Settings!$B$14))/SUMIFS(SM_Cap,SM_Site,$B58,SM_Mat,Settings!$B$14),"")) | L58: =IF($B58="","",IF(SUMIFS(SM_Cap,SM_Site,$B58,SM_Mat,Settings!$B$15)>0,MAX(0,SUMIFS(SM_Stock,SM_Site,$B58,SM_Mat,Settings!$B$15))/SUMIFS(SM_Cap,SM_Site,$B58,SM_Mat,Settings!$B$15),"")) | M58: =IF($B58="","",IF(COUNTIF(SM_Site,$B58)=0,"NOT SET UP",IF(COUNTIFS(SM_Site,$B58,SM_Status,"OUT OF STOCK")>0,"OUT OF STOCK",IF(COUNTIFS(SM_Site,$B58,SM_Status,"CRITICAL")>0,"CRITICAL",IF(COUNTIFS(SM_Site,$B58,SM_Status,"REORDER")>0,"REORDER",IF(COUNTIFS(SM_Site,$B58,SM_Status,"OK")>0,"OK","NO USAGE")))))) -> NOT SET UP | N58: =IF(COUNT(C58:G58)=0,"",MIN(C58:G58)) | O58: =IF(N58="","",IF(N58<=0,"OUT",WORKDAY.INTL(AsOfDate,ROUNDUP(N58,0),WeekendMask,Holidays)))
B59: =IF(Settings!$B23="","",Settings!$B23) -> The Cove Lipa | C59: =IF($B59="","",IF(COUNTIFS(SM_Site,$B59,SM_Mat,Settings!$B$11)=0,"",IF(SUMIFS(SM_Rate,SM_Site,$B59,SM_Mat,Settings!$B$11)>0,MAX(0,SUMIFS(SM_Stock,SM_Site,$B59,SM_Mat,Settings!$B$11))/SUMIFS(SM_Rate,SM_Site,$B59,SM_Mat,Settings!$B$11),"no use"))) | D59: =IF($B59="","",IF(COUNTIFS(SM_Site,$B59,SM_Mat,Settings!$B$12)=0,"",IF(SUMIFS(SM_Rate,SM_Site,$B59,SM_Mat,Settings!$B$12)>0,MAX(0,SUMIFS(SM_Stock,SM_Site,$B59,SM_Mat,Settings!$B$12))/SUMIFS(SM_Rate,SM_Site,$B59,SM_Mat,Settings!$B$12),"no use"))) | E59: =IF($B59="","",IF(COUNTIFS(SM_Site,$B59,SM_Mat,Settings!$B$13)=0,"",IF(SUMIFS(SM_Rate,SM_Site,$B59,SM_Mat,Settings!$B$13)>0,MAX(0,SUMIFS(SM_Stock,SM_Site,$B59,SM_Mat,Settings!$B$13))/SUMIFS(SM_Rate,SM_Site,$B59,SM_Mat,Settings!$B$13),"no use"))) | F59: =IF($B59="","",IF(COUNTIFS(SM_Site,$B59,SM_Mat,Settings!$B$14)=0,"",IF(SUMIFS(SM_Rate,SM_Site,$B59,SM_Mat,Settings!$B$14)>0,MAX(0,SUMIFS(SM_Stock,SM_Site,$B59,SM_Mat,Settings!$B$14))/SUMIFS(SM_Rate,SM_Site,$B59,SM_Mat,Settings!$B$14),"no use"))) | G59: =IF($B59="","",IF(COUNTIFS(SM_Site,$B59,SM_Mat,Settings!$B$15)=0,"",IF(SUMIFS(SM_Rate,SM_Site,$B59,SM_Mat,Settings!$B$15)>0,MAX(0,SUMIFS(SM_Stock,SM_Site,$B59,SM_Mat,Settings!$B$15))/SUMIFS(SM_Rate,SM_Site,$B59,SM_Mat,Settings!$B$15),"no use"))) | H59: =IF($B59="","",IF(SUMIFS(SM_Cap,SM_Site,$B59,SM_Mat,Settings!$B$11)>0,MAX(0,SUMIFS(SM_Stock,SM_Site,$B59,SM_Mat,Settings!$B$11))/SUMIFS(SM_Cap,SM_Site,$B59,SM_Mat,Settings!$B$11),"")) | I59: =IF($B59="","",IF(SUMIFS(SM_Cap,SM_Site,$B59,SM_Mat,Settings!$B$12)>0,MAX(0,SUMIFS(SM_Stock,SM_Site,$B59,SM_Mat,Settings!$B$12))/SUMIFS(SM_Cap,SM_Site,$B59,SM_Mat,Settings!$B$12),"")) | J59: =IF($B59="","",IF(SUMIFS(SM_Cap,SM_Site,$B59,SM_Mat,Settings!$B$13)>0,MAX(0,SUMIFS(SM_Stock,SM_Site,$B59,SM_Mat,Settings!$B$13))/SUMIFS(SM_Cap,SM_Site,$B59,SM_Mat,Settings!$B$13),"")) | K59: =IF($B59="","",IF(SUMIFS(SM_Cap,SM_Site,$B59,SM_Mat,Settings!$B$14)>0,MAX(0,SUMIFS(SM_Stock,SM_Site,$B59,SM_Mat,Settings!$B$14))/SUMIFS(SM_Cap,SM_Site,$B59,SM_Mat,Settings!$B$14),"")) | L59: =IF($B59="","",IF(SUMIFS(SM_Cap,SM_Site,$B59,SM_Mat,Settings!$B$15)>0,MAX(0,SUMIFS(SM_Stock,SM_Site,$B59,SM_Mat,Settings!$B$15))/SUMIFS(SM_Cap,SM_Site,$B59,SM_Mat,Settings!$B$15),"")) | M59: =IF($B59="","",IF(COUNTIF(SM_Site,$B59)=0,"NOT SET UP",IF(COUNTIFS(SM_Site,$B59,SM_Status,"OUT OF STOCK")>0,"OUT OF STOCK",IF(COUNTIFS(SM_Site,$B59,SM_Status,"CRITICAL")>0,"CRITICAL",IF(COUNTIFS(SM_Site,$B59,SM_Status,"REORDER")>0,"REORDER",IF(COUNTIFS(SM_Site,$B59,SM_Status,"OK")>0,"OK","NO USAGE")))))) -> NOT SET UP | N59: =IF(COUNT(C59:G59)=0,"",MIN(C59:G59)) | O59: =IF(N59="","",IF(N59<=0,"OUT",WORKDAY.INTL(AsOfDate,ROUNDUP(N59,0),WeekendMask,Holidays)))
B60: =IF(Settings!$B24="","",Settings!$B24) -> Sights Bay | C60: =IF($B60="","",IF(COUNTIFS(SM_Site,$B60,SM_Mat,Settings!$B$11)=0,"",IF(SUMIFS(SM_Rate,SM_Site,$B60,SM_Mat,Settings!$B$11)>0,MAX(0,SUMIFS(SM_Stock,SM_Site,$B60,SM_Mat,Settings!$B$11))/SUMIFS(SM_Rate,SM_Site,$B60,SM_Mat,Settings!$B$11),"no use"))) | D60: =IF($B60="","",IF(COUNTIFS(SM_Site,$B60,SM_Mat,Settings!$B$12)=0,"",IF(SUMIFS(SM_Rate,SM_Site,$B60,SM_Mat,Settings!$B$12)>0,MAX(0,SUMIFS(SM_Stock,SM_Site,$B60,SM_Mat,Settings!$B$12))/SUMIFS(SM_Rate,SM_Site,$B60,SM_Mat,Settings!$B$12),"no use"))) | E60: =IF($B60="","",IF(COUNTIFS(SM_Site,$B60,SM_Mat,Settings!$B$13)=0,"",IF(SUMIFS(SM_Rate,SM_Site,$B60,SM_Mat,Settings!$B$13)>0,MAX(0,SUMIFS(SM_Stock,SM_Site,$B60,SM_Mat,Settings!$B$13))/SUMIFS(SM_Rate,SM_Site,$B60,SM_Mat,Settings!$B$13),"no use"))) | F60: =IF($B60="","",IF(COUNTIFS(SM_Site,$B60,SM_Mat,Settings!$B$14)=0,"",IF(SUMIFS(SM_Rate,SM_Site,$B60,SM_Mat,Settings!$B$14)>0,MAX(0,SUMIFS(SM_Stock,SM_Site,$B60,SM_Mat,Settings!$B$14))/SUMIFS(SM_Rate,SM_Site,$B60,SM_Mat,Settings!$B$14),"no use"))) | G60: =IF($B60="","",IF(COUNTIFS(SM_Site,$B60,SM_Mat,Settings!$B$15)=0,"",IF(SUMIFS(SM_Rate,SM_Site,$B60,SM_Mat,Settings!$B$15)>0,MAX(0,SUMIFS(SM_Stock,SM_Site,$B60,SM_Mat,Settings!$B$15))/SUMIFS(SM_Rate,SM_Site,$B60,SM_Mat,Settings!$B$15),"no use"))) | H60: =IF($B60="","",IF(SUMIFS(SM_Cap,SM_Site,$B60,SM_Mat,Settings!$B$11)>0,MAX(0,SUMIFS(SM_Stock,SM_Site,$B60,SM_Mat,Settings!$B$11))/SUMIFS(SM_Cap,SM_Site,$B60,SM_Mat,Settings!$B$11),"")) | I60: =IF($B60="","",IF(SUMIFS(SM_Cap,SM_Site,$B60,SM_Mat,Settings!$B$12)>0,MAX(0,SUMIFS(SM_Stock,SM_Site,$B60,SM_Mat,Settings!$B$12))/SUMIFS(SM_Cap,SM_Site,$B60,SM_Mat,Settings!$B$12),"")) | J60: =IF($B60="","",IF(SUMIFS(SM_Cap,SM_Site,$B60,SM_Mat,Settings!$B$13)>0,MAX(0,SUMIFS(SM_Stock,SM_Site,$B60,SM_Mat,Settings!$B$13))/SUMIFS(SM_Cap,SM_Site,$B60,SM_Mat,Settings!$B$13),"")) | K60: =IF($B60="","",IF(SUMIFS(SM_Cap,SM_Site,$B60,SM_Mat,Settings!$B$14)>0,MAX(0,SUMIFS(SM_Stock,SM_Site,$B60,SM_Mat,Settings!$B$14))/SUMIFS(SM_Cap,SM_Site,$B60,SM_Mat,Settings!$B$14),"")) | L60: =IF($B60="","",IF(SUMIFS(SM_Cap,SM_Site,$B60,SM_Mat,Settings!$B$15)>0,MAX(0,SUMIFS(SM_Stock,SM_Site,$B60,SM_Mat,Settings!$B$15))/SUMIFS(SM_Cap,SM_Site,$B60,SM_Mat,Settings!$B$15),"")) | M60: =IF($B60="","",IF(COUNTIF(SM_Site,$B60)=0,"NOT SET UP",IF(COUNTIFS(SM_Site,$B60,SM_Status,"OUT OF STOCK")>0,"OUT OF STOCK",IF(COUNTIFS(SM_Site,$B60,SM_Status,"CRITICAL")>0,"CRITICAL",IF(COUNTIFS(SM_Site,$B60,SM_Status,"REORDER")>0,"REORDER",IF(COUNTIFS(SM_Site,$B60,SM_Status,"OK")>0,"OK","NO USAGE")))))) -> NOT SET UP | N60: =IF(COUNT(C60:G60)=0,"",MIN(C60:G60)) | O60: =IF(N60="","",IF(N60<=0,"OUT",WORKDAY.INTL(AsOfDate,ROUNDUP(N60,0),WeekendMask,Holidays)))
B61: =IF(Settings!$B25="","",Settings!$B25) -> Tayabas | C61: =IF($B61="","",IF(COUNTIFS(SM_Site,$B61,SM_Mat,Settings!$B$11)=0,"",IF(SUMIFS(SM_Rate,SM_Site,$B61,SM_Mat,Settings!$B$11)>0,MAX(0,SUMIFS(SM_Stock,SM_Site,$B61,SM_Mat,Settings!$B$11))/SUMIFS(SM_Rate,SM_Site,$B61,SM_Mat,Settings!$B$11),"no use"))) | D61: =IF($B61="","",IF(COUNTIFS(SM_Site,$B61,SM_Mat,Settings!$B$12)=0,"",IF(SUMIFS(SM_Rate,SM_Site,$B61,SM_Mat,Settings!$B$12)>0,MAX(0,SUMIFS(SM_Stock,SM_Site,$B61,SM_Mat,Settings!$B$12))/SUMIFS(SM_Rate,SM_Site,$B61,SM_Mat,Settings!$B$12),"no use"))) | E61: =IF($B61="","",IF(COUNTIFS(SM_Site,$B61,SM_Mat,Settings!$B$13)=0,"",IF(SUMIFS(SM_Rate,SM_Site,$B61,SM_Mat,Settings!$B$13)>0,MAX(0,SUMIFS(SM_Stock,SM_Site,$B61,SM_Mat,Settings!$B$13))/SUMIFS(SM_Rate,SM_Site,$B61,SM_Mat,Settings!$B$13),"no use"))) | F61: =IF($B61="","",IF(COUNTIFS(SM_Site,$B61,SM_Mat,Settings!$B$14)=0,"",IF(SUMIFS(SM_Rate,SM_Site,$B61,SM_Mat,Settings!$B$14)>0,MAX(0,SUMIFS(SM_Stock,SM_Site,$B61,SM_Mat,Settings!$B$14))/SUMIFS(SM_Rate,SM_Site,$B61,SM_Mat,Settings!$B$14),"no use"))) | G61: =IF($B61="","",IF(COUNTIFS(SM_Site,$B61,SM_Mat,Settings!$B$15)=0,"",IF(SUMIFS(SM_Rate,SM_Site,$B61,SM_Mat,Settings!$B$15)>0,MAX(0,SUMIFS(SM_Stock,SM_Site,$B61,SM_Mat,Settings!$B$15))/SUMIFS(SM_Rate,SM_Site,$B61,SM_Mat,Settings!$B$15),"no use"))) | H61: =IF($B61="","",IF(SUMIFS(SM_Cap,SM_Site,$B61,SM_Mat,Settings!$B$11)>0,MAX(0,SUMIFS(SM_Stock,SM_Site,$B61,SM_Mat,Settings!$B$11))/SUMIFS(SM_Cap,SM_Site,$B61,SM_Mat,Settings!$B$11),"")) | I61: =IF($B61="","",IF(SUMIFS(SM_Cap,SM_Site,$B61,SM_Mat,Settings!$B$12)>0,MAX(0,SUMIFS(SM_Stock,SM_Site,$B61,SM_Mat,Settings!$B$12))/SUMIFS(SM_Cap,SM_Site,$B61,SM_Mat,Settings!$B$12),"")) | J61: =IF($B61="","",IF(SUMIFS(SM_Cap,SM_Site,$B61,SM_Mat,Settings!$B$13)>0,MAX(0,SUMIFS(SM_Stock,SM_Site,$B61,SM_Mat,Settings!$B$13))/SUMIFS(SM_Cap,SM_Site,$B61,SM_Mat,Settings!$B$13),"")) | K61: =IF($B61="","",IF(SUMIFS(SM_Cap,SM_Site,$B61,SM_Mat,Settings!$B$14)>0,MAX(0,SUMIFS(SM_Stock,SM_Site,$B61,SM_Mat,Settings!$B$14))/SUMIFS(SM_Cap,SM_Site,$B61,SM_Mat,Settings!$B$14),"")) | L61: =IF($B61="","",IF(SUMIFS(SM_Cap,SM_Site,$B61,SM_Mat,Settings!$B$15)>0,MAX(0,SUMIFS(SM_Stock,SM_Site,$B61,SM_Mat,Settings!$B$15))/SUMIFS(SM_Cap,SM_Site,$B61,SM_Mat,Settings!$B$15),"")) | M61: =IF($B61="","",IF(COUNTIF(SM_Site,$B61)=0,"NOT SET UP",IF(COUNTIFS(SM_Site,$B61,SM_Status,"OUT OF STOCK")>0,"OUT OF STOCK",IF(COUNTIFS(SM_Site,$B61,SM_Status,"CRITICAL")>0,"CRITICAL",IF(COUNTIFS(SM_Site,$B61,SM_Status,"REORDER")>0,"REORDER",IF(COUNTIFS(SM_Site,$B61,SM_Status,"OK")>0,"OK","NO USAGE")))))) -> NOT SET UP | N61: =IF(COUNT(C61:G61)=0,"",MIN(C61:G61)) | O61: =IF(N61="","",IF(N61<=0,"OUT",WORKDAY.INTL(AsOfDate,ROUNDUP(N61,0),WeekendMask,Holidays)))
B62: =IF(Settings!$B26="","",Settings!$B26) -> Batulao Impression | C62: =IF($B62="","",IF(COUNTIFS(SM_Site,$B62,SM_Mat,Settings!$B$11)=0,"",IF(SUMIFS(SM_Rate,SM_Site,$B62,SM_Mat,Settings!$B$11)>0,MAX(0,SUMIFS(SM_Stock,SM_Site,$B62,SM_Mat,Settings!$B$11))/SUMIFS(SM_Rate,SM_Site,$B62,SM_Mat,Settings!$B$11),"no use"))) | D62: =IF($B62="","",IF(COUNTIFS(SM_Site,$B62,SM_Mat,Settings!$B$12)=0,"",IF(SUMIFS(SM_Rate,SM_Site,$B62,SM_Mat,Settings!$B$12)>0,MAX(0,SUMIFS(SM_Stock,SM_Site,$B62,SM_Mat,Settings!$B$12))/SUMIFS(SM_Rate,SM_Site,$B62,SM_Mat,Settings!$B$12),"no use"))) | E62: =IF($B62="","",IF(COUNTIFS(SM_Site,$B62,SM_Mat,Settings!$B$13)=0,"",IF(SUMIFS(SM_Rate,SM_Site,$B62,SM_Mat,Settings!$B$13)>0,MAX(0,SUMIFS(SM_Stock,SM_Site,$B62,SM_Mat,Settings!$B$13))/SUMIFS(SM_Rate,SM_Site,$B62,SM_Mat,Settings!$B$13),"no use"))) | F62: =IF($B62="","",IF(COUNTIFS(SM_Site,$B62,SM_Mat,Settings!$B$14)=0,"",IF(SUMIFS(SM_Rate,SM_Site,$B62,SM_Mat,Settings!$B$14)>0,MAX(0,SUMIFS(SM_Stock,SM_Site,$B62,SM_Mat,Settings!$B$14))/SUMIFS(SM_Rate,SM_Site,$B62,SM_Mat,Settings!$B$14),"no use"))) | G62: =IF($B62="","",IF(COUNTIFS(SM_Site,$B62,SM_Mat,Settings!$B$15)=0,"",IF(SUMIFS(SM_Rate,SM_Site,$B62,SM_Mat,Settings!$B$15)>0,MAX(0,SUMIFS(SM_Stock,SM_Site,$B62,SM_Mat,Settings!$B$15))/SUMIFS(SM_Rate,SM_Site,$B62,SM_Mat,Settings!$B$15),"no use"))) | H62: =IF($B62="","",IF(SUMIFS(SM_Cap,SM_Site,$B62,SM_Mat,Settings!$B$11)>0,MAX(0,SUMIFS(SM_Stock,SM_Site,$B62,SM_Mat,Settings!$B$11))/SUMIFS(SM_Cap,SM_Site,$B62,SM_Mat,Settings!$B$11),"")) | I62: =IF($B62="","",IF(SUMIFS(SM_Cap,SM_Site,$B62,SM_Mat,Settings!$B$12)>0,MAX(0,SUMIFS(SM_Stock,SM_Site,$B62,SM_Mat,Settings!$B$12))/SUMIFS(SM_Cap,SM_Site,$B62,SM_Mat,Settings!$B$12),"")) | J62: =IF($B62="","",IF(SUMIFS(SM_Cap,SM_Site,$B62,SM_Mat,Settings!$B$13)>0,MAX(0,SUMIFS(SM_Stock,SM_Site,$B62,SM_Mat,Settings!$B$13))/SUMIFS(SM_Cap,SM_Site,$B62,SM_Mat,Settings!$B$13),"")) | K62: =IF($B62="","",IF(SUMIFS(SM_Cap,SM_Site,$B62,SM_Mat,Settings!$B$14)>0,MAX(0,SUMIFS(SM_Stock,SM_Site,$B62,SM_Mat,Settings!$B$14))/SUMIFS(SM_Cap,SM_Site,$B62,SM_Mat,Settings!$B$14),"")) | L62: =IF($B62="","",IF(SUMIFS(SM_Cap,SM_Site,$B62,SM_Mat,Settings!$B$15)>0,MAX(0,SUMIFS(SM_Stock,SM_Site,$B62,SM_Mat,Settings!$B$15))/SUMIFS(SM_Cap,SM_Site,$B62,SM_Mat,Settings!$B$15),"")) | M62: =IF($B62="","",IF(COUNTIF(SM_Site,$B62)=0,"NOT SET UP",IF(COUNTIFS(SM_Site,$B62,SM_Status,"OUT OF STOCK")>0,"OUT OF STOCK",IF(COUNTIFS(SM_Site,$B62,SM_Status,"CRITICAL")>0,"CRITICAL",IF(COUNTIFS(SM_Site,$B62,SM_Status,"REORDER")>0,"REORDER",IF(COUNTIFS(SM_Site,$B62,SM_Status,"OK")>0,"OK","NO USAGE")))))) -> NOT SET UP | N62: =IF(COUNT(C62:G62)=0,"",MIN(C62:G62)) | O62: =IF(N62="","",IF(N62<=0,"OUT",WORKDAY.INTL(AsOfDate,ROUNDUP(N62,0),WeekendMask,Holidays)))
B63: =IF(Settings!$B27="","",Settings!$B27) | C63: =IF($B63="","",IF(COUNTIFS(SM_Site,$B63,SM_Mat,Settings!$B$11)=0,"",IF(SUMIFS(SM_Rate,SM_Site,$B63,SM_Mat,Settings!$B$11)>0,MAX(0,SUMIFS(SM_Stock,SM_Site,$B63,SM_Mat,Settings!$B$11))/SUMIFS(SM_Rate,SM_Site,$B63,SM_Mat,Settings!$B$11),"no use"))) | D63: =IF($B63="","",IF(COUNTIFS(SM_Site,$B63,SM_Mat,Settings!$B$12)=0,"",IF(SUMIFS(SM_Rate,SM_Site,$B63,SM_Mat,Settings!$B$12)>0,MAX(0,SUMIFS(SM_Stock,SM_Site,$B63,SM_Mat,Settings!$B$12))/SUMIFS(SM_Rate,SM_Site,$B63,SM_Mat,Settings!$B$12),"no use"))) | E63: =IF($B63="","",IF(COUNTIFS(SM_Site,$B63,SM_Mat,Settings!$B$13)=0,"",IF(SUMIFS(SM_Rate,SM_Site,$B63,SM_Mat,Settings!$B$13)>0,MAX(0,SUMIFS(SM_Stock,SM_Site,$B63,SM_Mat,Settings!$B$13))/SUMIFS(SM_Rate,SM_Site,$B63,SM_Mat,Settings!$B$13),"no use"))) | F63: =IF($B63="","",IF(COUNTIFS(SM_Site,$B63,SM_Mat,Settings!$B$14)=0,"",IF(SUMIFS(SM_Rate,SM_Site,$B63,SM_Mat,Settings!$B$14)>0,MAX(0,SUMIFS(SM_Stock,SM_Site,$B63,SM_Mat,Settings!$B$14))/SUMIFS(SM_Rate,SM_Site,$B63,SM_Mat,Settings!$B$14),"no use"))) | G63: =IF($B63="","",IF(COUNTIFS(SM_Site,$B63,SM_Mat,Settings!$B$15)=0,"",IF(SUMIFS(SM_Rate,SM_Site,$B63,SM_Mat,Settings!$B$15)>0,MAX(0,SUMIFS(SM_Stock,SM_Site,$B63,SM_Mat,Settings!$B$15))/SUMIFS(SM_Rate,SM_Site,$B63,SM_Mat,Settings!$B$15),"no use"))) | H63: =IF($B63="","",IF(SUMIFS(SM_Cap,SM_Site,$B63,SM_Mat,Settings!$B$11)>0,MAX(0,SUMIFS(SM_Stock,SM_Site,$B63,SM_Mat,Settings!$B$11))/SUMIFS(SM_Cap,SM_Site,$B63,SM_Mat,Settings!$B$11),"")) | I63: =IF($B63="","",IF(SUMIFS(SM_Cap,SM_Site,$B63,SM_Mat,Settings!$B$12)>0,MAX(0,SUMIFS(SM_Stock,SM_Site,$B63,SM_Mat,Settings!$B$12))/SUMIFS(SM_Cap,SM_Site,$B63,SM_Mat,Settings!$B$12),"")) | J63: =IF($B63="","",IF(SUMIFS(SM_Cap,SM_Site,$B63,SM_Mat,Settings!$B$13)>0,MAX(0,SUMIFS(SM_Stock,SM_Site,$B63,SM_Mat,Settings!$B$13))/SUMIFS(SM_Cap,SM_Site,$B63,SM_Mat,Settings!$B$13),"")) | K63: =IF($B63="","",IF(SUMIFS(SM_Cap,SM_Site,$B63,SM_Mat,Settings!$B$14)>0,MAX(0,SUMIFS(SM_Stock,SM_Site,$B63,SM_Mat,Settings!$B$14))/SUMIFS(SM_Cap,SM_Site,$B63,SM_Mat,Settings!$B$14),"")) | L63: =IF($B63="","",IF(SUMIFS(SM_Cap,SM_Site,$B63,SM_Mat,Settings!$B$15)>0,MAX(0,SUMIFS(SM_Stock,SM_Site,$B63,SM_Mat,Settings!$B$15))/SUMIFS(SM_Cap,SM_Site,$B63,SM_Mat,Settings!$B$15),"")) | M63: =IF($B63="","",IF(COUNTIF(SM_Site,$B63)=0,"NOT SET UP",IF(COUNTIFS(SM_Site,$B63,SM_Status,"OUT OF STOCK")>0,"OUT OF STOCK",IF(COUNTIFS(SM_Site,$B63,SM_Status,"CRITICAL")>0,"CRITICAL",IF(COUNTIFS(SM_Site,$B63,SM_Status,"REORDER")>0,"REORDER",IF(COUNTIFS(SM_Site,$B63,SM_Status,"OK")>0,"OK","NO USAGE")))))) | N63: =IF(COUNT(C63:G63)=0,"",MIN(C63:G63)) | O63: =IF(N63="","",IF(N63<=0,"OUT",WORKDAY.INTL(AsOfDate,ROUNDUP(N63,0),WeekendMask,Holidays)))
B64: =IF(Settings!$B28="","",Settings!$B28) | C64: =IF($B64="","",IF(COUNTIFS(SM_Site,$B64,SM_Mat,Settings!$B$11)=0,"",IF(SUMIFS(SM_Rate,SM_Site,$B64,SM_Mat,Settings!$B$11)>0,MAX(0,SUMIFS(SM_Stock,SM_Site,$B64,SM_Mat,Settings!$B$11))/SUMIFS(SM_Rate,SM_Site,$B64,SM_Mat,Settings!$B$11),"no use"))) | D64: =IF($B64="","",IF(COUNTIFS(SM_Site,$B64,SM_Mat,Settings!$B$12)=0,"",IF(SUMIFS(SM_Rate,SM_Site,$B64,SM_Mat,Settings!$B$12)>0,MAX(0,SUMIFS(SM_Stock,SM_Site,$B64,SM_Mat,Settings!$B$12))/SUMIFS(SM_Rate,SM_Site,$B64,SM_Mat,Settings!$B$12),"no use"))) | E64: =IF($B64="","",IF(COUNTIFS(SM_Site,$B64,SM_Mat,Settings!$B$13)=0,"",IF(SUMIFS(SM_Rate,SM_Site,$B64,SM_Mat,Settings!$B$13)>0,MAX(0,SUMIFS(SM_Stock,SM_Site,$B64,SM_Mat,Settings!$B$13))/SUMIFS(SM_Rate,SM_Site,$B64,SM_Mat,Settings!$B$13),"no use"))) | F64: =IF($B64="","",IF(COUNTIFS(SM_Site,$B64,SM_Mat,Settings!$B$14)=0,"",IF(SUMIFS(SM_Rate,SM_Site,$B64,SM_Mat,Settings!$B$14)>0,MAX(0,SUMIFS(SM_Stock,SM_Site,$B64,SM_Mat,Settings!$B$14))/SUMIFS(SM_Rate,SM_Site,$B64,SM_Mat,Settings!$B$14),"no use"))) | G64: =IF($B64="","",IF(COUNTIFS(SM_Site,$B64,SM_Mat,Settings!$B$15)=0,"",IF(SUMIFS(SM_Rate,SM_Site,$B64,SM_Mat,Settings!$B$15)>0,MAX(0,SUMIFS(SM_Stock,SM_Site,$B64,SM_Mat,Settings!$B$15))/SUMIFS(SM_Rate,SM_Site,$B64,SM_Mat,Settings!$B$15),"no use"))) | H64: =IF($B64="","",IF(SUMIFS(SM_Cap,SM_Site,$B64,SM_Mat,Settings!$B$11)>0,MAX(0,SUMIFS(SM_Stock,SM_Site,$B64,SM_Mat,Settings!$B$11))/SUMIFS(SM_Cap,SM_Site,$B64,SM_Mat,Settings!$B$11),"")) | I64: =IF($B64="","",IF(SUMIFS(SM_Cap,SM_Site,$B64,SM_Mat,Settings!$B$12)>0,MAX(0,SUMIFS(SM_Stock,SM_Site,$B64,SM_Mat,Settings!$B$12))/SUMIFS(SM_Cap,SM_Site,$B64,SM_Mat,Settings!$B$12),"")) | J64: =IF($B64="","",IF(SUMIFS(SM_Cap,SM_Site,$B64,SM_Mat,Settings!$B$13)>0,MAX(0,SUMIFS(SM_Stock,SM_Site,$B64,SM_Mat,Settings!$B$13))/SUMIFS(SM_Cap,SM_Site,$B64,SM_Mat,Settings!$B$13),"")) | K64: =IF($B64="","",IF(SUMIFS(SM_Cap,SM_Site,$B64,SM_Mat,Settings!$B$14)>0,MAX(0,SUMIFS(SM_Stock,SM_Site,$B64,SM_Mat,Settings!$B$14))/SUMIFS(SM_Cap,SM_Site,$B64,SM_Mat,Settings!$B$14),"")) | L64: =IF($B64="","",IF(SUMIFS(SM_Cap,SM_Site,$B64,SM_Mat,Settings!$B$15)>0,MAX(0,SUMIFS(SM_Stock,SM_Site,$B64,SM_Mat,Settings!$B$15))/SUMIFS(SM_Cap,SM_Site,$B64,SM_Mat,Settings!$B$15),"")) | M64: =IF($B64="","",IF(COUNTIF(SM_Site,$B64)=0,"NOT SET UP",IF(COUNTIFS(SM_Site,$B64,SM_Status,"OUT OF STOCK")>0,"OUT OF STOCK",IF(COUNTIFS(SM_Site,$B64,SM_Status,"CRITICAL")>0,"CRITICAL",IF(COUNTIFS(SM_Site,$B64,SM_Status,"REORDER")>0,"REORDER",IF(COUNTIFS(SM_Site,$B64,SM_Status,"OK")>0,"OK","NO USAGE")))))) | N64: =IF(COUNT(C64:G64)=0,"",MIN(C64:G64)) | O64: =IF(N64="","",IF(N64<=0,"OUT",WORKDAY.INTL(AsOfDate,ROUNDUP(N64,0),WeekendMask,Holidays)))
B65: =IF(Settings!$B29="","",Settings!$B29) | C65: =IF($B65="","",IF(COUNTIFS(SM_Site,$B65,SM_Mat,Settings!$B$11)=0,"",IF(SUMIFS(SM_Rate,SM_Site,$B65,SM_Mat,Settings!$B$11)>0,MAX(0,SUMIFS(SM_Stock,SM_Site,$B65,SM_Mat,Settings!$B$11))/SUMIFS(SM_Rate,SM_Site,$B65,SM_Mat,Settings!$B$11),"no use"))) | D65: =IF($B65="","",IF(COUNTIFS(SM_Site,$B65,SM_Mat,Settings!$B$12)=0,"",IF(SUMIFS(SM_Rate,SM_Site,$B65,SM_Mat,Settings!$B$12)>0,MAX(0,SUMIFS(SM_Stock,SM_Site,$B65,SM_Mat,Settings!$B$12))/SUMIFS(SM_Rate,SM_Site,$B65,SM_Mat,Settings!$B$12),"no use"))) | E65: =IF($B65="","",IF(COUNTIFS(SM_Site,$B65,SM_Mat,Settings!$B$13)=0,"",IF(SUMIFS(SM_Rate,SM_Site,$B65,SM_Mat,Settings!$B$13)>0,MAX(0,SUMIFS(SM_Stock,SM_Site,$B65,SM_Mat,Settings!$B$13))/SUMIFS(SM_Rate,SM_Site,$B65,SM_Mat,Settings!$B$13),"no use"))) | F65: =IF($B65="","",IF(COUNTIFS(SM_Site,$B65,SM_Mat,Settings!$B$14)=0,"",IF(SUMIFS(SM_Rate,SM_Site,$B65,SM_Mat,Settings!$B$14)>0,MAX(0,SUMIFS(SM_Stock,SM_Site,$B65,SM_Mat,Settings!$B$14))/SUMIFS(SM_Rate,SM_Site,$B65,SM_Mat,Settings!$B$14),"no use"))) | G65: =IF($B65="","",IF(COUNTIFS(SM_Site,$B65,SM_Mat,Settings!$B$15)=0,"",IF(SUMIFS(SM_Rate,SM_Site,$B65,SM_Mat,Settings!$B$15)>0,MAX(0,SUMIFS(SM_Stock,SM_Site,$B65,SM_Mat,Settings!$B$15))/SUMIFS(SM_Rate,SM_Site,$B65,SM_Mat,Settings!$B$15),"no use"))) | H65: =IF($B65="","",IF(SUMIFS(SM_Cap,SM_Site,$B65,SM_Mat,Settings!$B$11)>0,MAX(0,SUMIFS(SM_Stock,SM_Site,$B65,SM_Mat,Settings!$B$11))/SUMIFS(SM_Cap,SM_Site,$B65,SM_Mat,Settings!$B$11),"")) | I65: =IF($B65="","",IF(SUMIFS(SM_Cap,SM_Site,$B65,SM_Mat,Settings!$B$12)>0,MAX(0,SUMIFS(SM_Stock,SM_Site,$B65,SM_Mat,Settings!$B$12))/SUMIFS(SM_Cap,SM_Site,$B65,SM_Mat,Settings!$B$12),"")) | J65: =IF($B65="","",IF(SUMIFS(SM_Cap,SM_Site,$B65,SM_Mat,Settings!$B$13)>0,MAX(0,SUMIFS(SM_Stock,SM_Site,$B65,SM_Mat,Settings!$B$13))/SUMIFS(SM_Cap,SM_Site,$B65,SM_Mat,Settings!$B$13),"")) | K65: =IF($B65="","",IF(SUMIFS(SM_Cap,SM_Site,$B65,SM_Mat,Settings!$B$14)>0,MAX(0,SUMIFS(SM_Stock,SM_Site,$B65,SM_Mat,Settings!$B$14))/SUMIFS(SM_Cap,SM_Site,$B65,SM_Mat,Settings!$B$14),"")) | L65: =IF($B65="","",IF(SUMIFS(SM_Cap,SM_Site,$B65,SM_Mat,Settings!$B$15)>0,MAX(0,SUMIFS(SM_Stock,SM_Site,$B65,SM_Mat,Settings!$B$15))/SUMIFS(SM_Cap,SM_Site,$B65,SM_Mat,Settings!$B$15),"")) | M65: =IF($B65="","",IF(COUNTIF(SM_Site,$B65)=0,"NOT SET UP",IF(COUNTIFS(SM_Site,$B65,SM_Status,"OUT OF STOCK")>0,"OUT OF STOCK",IF(COUNTIFS(SM_Site,$B65,SM_Status,"CRITICAL")>0,"CRITICAL",IF(COUNTIFS(SM_Site,$B65,SM_Status,"REORDER")>0,"REORDER",IF(COUNTIFS(SM_Site,$B65,SM_Status,"OK")>0,"OK","NO USAGE")))))) | N65: =IF(COUNT(C65:G65)=0,"",MIN(C65:G65)) | O65: =IF(N65="","",IF(N65<=0,"OUT",WORKDAY.INTL(AsOfDate,ROUNDUP(N65,0),WeekendMask,Holidays)))
B66: =IF(Settings!$B30="","",Settings!$B30) | C66: =IF($B66="","",IF(COUNTIFS(SM_Site,$B66,SM_Mat,Settings!$B$11)=0,"",IF(SUMIFS(SM_Rate,SM_Site,$B66,SM_Mat,Settings!$B$11)>0,MAX(0,SUMIFS(SM_Stock,SM_Site,$B66,SM_Mat,Settings!$B$11))/SUMIFS(SM_Rate,SM_Site,$B66,SM_Mat,Settings!$B$11),"no use"))) | D66: =IF($B66="","",IF(COUNTIFS(SM_Site,$B66,SM_Mat,Settings!$B$12)=0,"",IF(SUMIFS(SM_Rate,SM_Site,$B66,SM_Mat,Settings!$B$12)>0,MAX(0,SUMIFS(SM_Stock,SM_Site,$B66,SM_Mat,Settings!$B$12))/SUMIFS(SM_Rate,SM_Site,$B66,SM_Mat,Settings!$B$12),"no use"))) | E66: =IF($B66="","",IF(COUNTIFS(SM_Site,$B66,SM_Mat,Settings!$B$13)=0,"",IF(SUMIFS(SM_Rate,SM_Site,$B66,SM_Mat,Settings!$B$13)>0,MAX(0,SUMIFS(SM_Stock,SM_Site,$B66,SM_Mat,Settings!$B$13))/SUMIFS(SM_Rate,SM_Site,$B66,SM_Mat,Settings!$B$13),"no use"))) | F66: =IF($B66="","",IF(COUNTIFS(SM_Site,$B66,SM_Mat,Settings!$B$14)=0,"",IF(SUMIFS(SM_Rate,SM_Site,$B66,SM_Mat,Settings!$B$14)>0,MAX(0,SUMIFS(SM_Stock,SM_Site,$B66,SM_Mat,Settings!$B$14))/SUMIFS(SM_Rate,SM_Site,$B66,SM_Mat,Settings!$B$14),"no use"))) | G66: =IF($B66="","",IF(COUNTIFS(SM_Site,$B66,SM_Mat,Settings!$B$15)=0,"",IF(SUMIFS(SM_Rate,SM_Site,$B66,SM_Mat,Settings!$B$15)>0,MAX(0,SUMIFS(SM_Stock,SM_Site,$B66,SM_Mat,Settings!$B$15))/SUMIFS(SM_Rate,SM_Site,$B66,SM_Mat,Settings!$B$15),"no use"))) | H66: =IF($B66="","",IF(SUMIFS(SM_Cap,SM_Site,$B66,SM_Mat,Settings!$B$11)>0,MAX(0,SUMIFS(SM_Stock,SM_Site,$B66,SM_Mat,Settings!$B$11))/SUMIFS(SM_Cap,SM_Site,$B66,SM_Mat,Settings!$B$11),"")) | I66: =IF($B66="","",IF(SUMIFS(SM_Cap,SM_Site,$B66,SM_Mat,Settings!$B$12)>0,MAX(0,SUMIFS(SM_Stock,SM_Site,$B66,SM_Mat,Settings!$B$12))/SUMIFS(SM_Cap,SM_Site,$B66,SM_Mat,Settings!$B$12),"")) | J66: =IF($B66="","",IF(SUMIFS(SM_Cap,SM_Site,$B66,SM_Mat,Settings!$B$13)>0,MAX(0,SUMIFS(SM_Stock,SM_Site,$B66,SM_Mat,Settings!$B$13))/SUMIFS(SM_Cap,SM_Site,$B66,SM_Mat,Settings!$B$13),"")) | K66: =IF($B66="","",IF(SUMIFS(SM_Cap,SM_Site,$B66,SM_Mat,Settings!$B$14)>0,MAX(0,SUMIFS(SM_Stock,SM_Site,$B66,SM_Mat,Settings!$B$14))/SUMIFS(SM_Cap,SM_Site,$B66,SM_Mat,Settings!$B$14),"")) | L66: =IF($B66="","",IF(SUMIFS(SM_Cap,SM_Site,$B66,SM_Mat,Settings!$B$15)>0,MAX(0,SUMIFS(SM_Stock,SM_Site,$B66,SM_Mat,Settings!$B$15))/SUMIFS(SM_Cap,SM_Site,$B66,SM_Mat,Settings!$B$15),"")) | M66: =IF($B66="","",IF(COUNTIF(SM_Site,$B66)=0,"NOT SET UP",IF(COUNTIFS(SM_Site,$B66,SM_Status,"OUT OF STOCK")>0,"OUT OF STOCK",IF(COUNTIFS(SM_Site,$B66,SM_Status,"CRITICAL")>0,"CRITICAL",IF(COUNTIFS(SM_Site,$B66,SM_Status,"REORDER")>0,"REORDER",IF(COUNTIFS(SM_Site,$B66,SM_Status,"OK")>0,"OK","NO USAGE")))))) | N66: =IF(COUNT(C66:G66)=0,"",MIN(C66:G66)) | O66: =IF(N66="","",IF(N66<=0,"OUT",WORKDAY.INTL(AsOfDate,ROUNDUP(N66,0),WeekendMask,Holidays)))
... B74: =IF(Settings!$B38="","",Settings!$B38) | C74: =IF($B74="","",IF(COUNTIFS(SM_Site,$B74,SM_Mat,Settings!$B$11)=0,"",IF(SUMIFS(SM_Rate,SM_Site,$B74,SM_Mat,Settings!$B$11)>0,MAX(0,SUMIFS(SM_Stock,SM_Site,$B74,SM_Mat,Settings!$B$11))/SUMIFS(SM_Rate,SM_Site,$B74,SM_Mat,Settings!$B$11),"no use"))) | D74: =IF($B74="","",IF(COUNTIFS(SM_Site,$B74,SM_Mat,Settings!$B$12)=0,"",IF(SUMIFS(SM_Rate,SM_Site,$B74,SM_Mat,Settings!$B$12)>0,MAX(0,SUMIFS(SM_Stock,SM_Site,$B74,SM_Mat,Settings!$B$12))/SUMIFS(SM_Rate,SM_Site,$B74,SM_Mat,Settings!$B$12),"no use"))) | E74: =IF($B74="","",IF(COUNTIFS(SM_Site,$B74,SM_Mat,Settings!$B$13)=0,"",IF(SUMIFS(SM_Rate,SM_Site,$B74,SM_Mat,Settings!$B$13)>0,MAX(0,SUMIFS(SM_Stock,SM_Site,$B74,SM_Mat,Settings!$B$13))/SUMIFS(SM_Rate,SM_Site,$B74,SM_Mat,Settings!$B$13),"no use"))) | F74: =IF($B74="","",IF(COUNTIFS(SM_Site,$B74,SM_Mat,Settings!$B$14)=0,"",IF(SUMIFS(SM_Rate,SM_Site,$B74,SM_Mat,Settings!$B$14)>0,MAX(0,SUMIFS(SM_Stock,SM_Site,$B74,SM_Mat,Settings!$B$14))/SUMIFS(SM_Rate,SM_Site,$B74,SM_Mat,Settings!$B$14),"no use"))) | G74: =IF($B74="","",IF(COUNTIFS(SM_Site,$B74,SM_Mat,Settings!$B$15)=0,"",IF(SUMIFS(SM_Rate,SM_Site,$B74,SM_Mat,Settings!$B$15)>0,MAX(0,SUMIFS(SM_Stock,SM_Site,$B74,SM_Mat,Settings!$B$15))/SUMIFS(SM_Rate,SM_Site,$B74,SM_Mat,Settings!$B$15),"no use"))) | H74: =IF($B74="","",IF(SUMIFS(SM_Cap,SM_Site,$B74,SM_Mat,Settings!$B$11)>0,MAX(0,SUMIFS(SM_Stock,SM_Site,$B74,SM_Mat,Settings!$B$11))/SUMIFS(SM_Cap,SM_Site,$B74,SM_Mat,Settings!$B$11),"")) | I74: =IF($B74="","",IF(SUMIFS(SM_Cap,SM_Site,$B74,SM_Mat,Settings!$B$12)>0,MAX(0,SUMIFS(SM_Stock,SM_Site,$B74,SM_Mat,Settings!$B$12))/SUMIFS(SM_Cap,SM_Site,$B74,SM_Mat,Settings!$B$12),"")) | J74: =IF($B74="","",IF(SUMIFS(SM_Cap,SM_Site,$B74,SM_Mat,Settings!$B$13)>0,MAX(0,SUMIFS(SM_Stock,SM_Site,$B74,SM_Mat,Settings!$B$13))/SUMIFS(SM_Cap,SM_Site,$B74,SM_Mat,Settings!$B$13),"")) | K74: =IF($B74="","",IF(SUMIFS(SM_Cap,SM_Site,$B74,SM_Mat,Settings!$B$14)>0,MAX(0,SUMIFS(SM_Stock,SM_Site,$B74,SM_Mat,Settings!$B$14))/SUMIFS(SM_Cap,SM_Site,$B74,SM_Mat,Settings!$B$14),"")) | L74: =IF($B74="","",IF(SUMIFS(SM_Cap,SM_Site,$B74,SM_Mat,Settings!$B$15)>0,MAX(0,SUMIFS(SM_Stock,SM_Site,$B74,SM_Mat,Settings!$B$15))/SUMIFS(SM_Cap,SM_Site,$B74,SM_Mat,Settings!$B$15),"")) | M74: =IF($B74="","",IF(COUNTIF(SM_Site,$B74)=0,"NOT SET UP",IF(COUNTIFS(SM_Site,$B74,SM_Status,"OUT OF STOCK")>0,"OUT OF STOCK",IF(COUNTIFS(SM_Site,$B74,SM_Status,"CRITICAL")>0,"CRITICAL",IF(COUNTIFS(SM_Site,$B74,SM_Status,"REORDER")>0,"REORDER",IF(COUNTIFS(SM_Site,$B74,SM_Status,"OK")>0,"OK","NO USAGE")))))) | N74: =IF(COUNT(C74:G74)=0,"",MIN(C74:G74)) | O74: =IF(N74="","",IF(N74<=0,"OUT",WORKDAY.INTL(AsOfDate,ROUNDUP(N74,0),WeekendMask,Holidays)))
B76: DAYS REMAINING vs REORDER & CRITICAL LEVELS · ACTUAL CONCRETE PRODUCTION, LAST 14 DAYS (selected site)
Q77: Date | R77: Actual m3 | S77: Planned m3/day | T77: Label
Q78: =AsOfDate-13 -> 46313 | R78: =SUMIFS(Con_Vol,Con_Site,SelCrit,Con_Date,Q78) -> 0 | S78: =SUMIFS(PP_Vol,PP_Site,SelCrit) -> 0 | T78: =TEXT(Q78,"ddd dd") -> Sun 18
Q79: =Q78+1 -> 46314 | R79: =SUMIFS(Con_Vol,Con_Site,SelCrit,Con_Date,Q79) -> 0 | S79: =SUMIFS(PP_Vol,PP_Site,SelCrit) -> 0 | T79: =TEXT(Q79,"ddd dd") -> Mon 19
Q80: =Q79+1 -> 46315 | R80: =SUMIFS(Con_Vol,Con_Site,SelCrit,Con_Date,Q80) -> 0 | S80: =SUMIFS(PP_Vol,PP_Site,SelCrit) -> 0 | T80: =TEXT(Q80,"ddd dd") -> Tue 20
Q81: =Q80+1 -> 46316 | R81: =SUMIFS(Con_Vol,Con_Site,SelCrit,Con_Date,Q81) -> 0 | S81: =SUMIFS(PP_Vol,PP_Site,SelCrit) -> 0 | T81: =TEXT(Q81,"ddd dd") -> Wed 21
Q82: =Q81+1 -> 46317 | R82: =SUMIFS(Con_Vol,Con_Site,SelCrit,Con_Date,Q82) -> 0 | S82: =SUMIFS(PP_Vol,PP_Site,SelCrit) -> 0 | T82: =TEXT(Q82,"ddd dd") -> Thu 22
Q83: =Q82+1 -> 46318 | R83: =SUMIFS(Con_Vol,Con_Site,SelCrit,Con_Date,Q83) -> 0 | S83: =SUMIFS(PP_Vol,PP_Site,SelCrit) -> 0 | T83: =TEXT(Q83,"ddd dd") -> Fri 23
Q84: =Q83+1 -> 46319 | R84: =SUMIFS(Con_Vol,Con_Site,SelCrit,Con_Date,Q84) -> 0 | S84: =SUMIFS(PP_Vol,PP_Site,SelCrit) -> 0 | T84: =TEXT(Q84,"ddd dd") -> Sat 24
Q85: =Q84+1 -> 46320 | R85: =SUMIFS(Con_Vol,Con_Site,SelCrit,Con_Date,Q85) -> 0 | S85: =SUMIFS(PP_Vol,PP_Site,SelCrit) -> 0 | T85: =TEXT(Q85,"ddd dd") -> Sun 25
Q86: =Q85+1 -> 46321 | R86: =SUMIFS(Con_Vol,Con_Site,SelCrit,Con_Date,Q86) -> 0 | S86: =SUMIFS(PP_Vol,PP_Site,SelCrit) -> 0 | T86: =TEXT(Q86,"ddd dd") -> Mon 26
Q87: =Q86+1 -> 46322 | R87: =SUMIFS(Con_Vol,Con_Site,SelCrit,Con_Date,Q87) -> 0 | S87: =SUMIFS(PP_Vol,PP_Site,SelCrit) -> 0 | T87: =TEXT(Q87,"ddd dd") -> Tue 27
Q88: =Q87+1 -> 46323 | R88: =SUMIFS(Con_Vol,Con_Site,SelCrit,Con_Date,Q88) -> 0 | S88: =SUMIFS(PP_Vol,PP_Site,SelCrit) -> 0 | T88: =TEXT(Q88,"ddd dd") -> Wed 28
Q89: =Q88+1 -> 46324 | R89: =SUMIFS(Con_Vol,Con_Site,SelCrit,Con_Date,Q89) -> 0 | S89: =SUMIFS(PP_Vol,PP_Site,SelCrit) -> 0 | T89: =TEXT(Q89,"ddd dd") -> Thu 29
Q90: =Q89+1 -> 46325 | R90: =SUMIFS(Con_Vol,Con_Site,SelCrit,Con_Date,Q90) -> 0 | S90: =SUMIFS(PP_Vol,PP_Site,SelCrit) -> 0 | T90: =TEXT(Q90,"ddd dd") -> Fri 30
Q91: =Q90+1 -> 46326 | R91: =SUMIFS(Con_Vol,Con_Site,SelCrit,Con_Date,Q91) -> 0 | S91: =SUMIFS(PP_Vol,PP_Site,SelCrit) -> 0 | T91: =TEXT(Q91,"ddd dd") -> Sat 31
B95: 6-MONTH FORECAST — selected site (declared m3/day × mix design × working days per month)
B96: Forecast consumption | C96: Unit | D96: =Forecast!B$9&CHAR(10)&Forecast!B$8&" working days" -> Nov 2026 25 working days | E96: =Forecast!C$9&CHAR(10)&Forecast!C$8&" working days" -> Dec 2026 27 working days | F96: =Forecast!D$9&CHAR(10)&Forecast!D$8&" working days" -> Jan 2027 26 working days | G96: =Forecast!E$9&CHAR(10)&Forecast!E$8&" working days" -> Feb 2027 24 working days | H96: =Forecast!F$9&CHAR(10)&Forecast!F$8&" working days" -> Mar 2027 27 working days | I96: =Forecast!G$9&CHAR(10)&Forecast!G$8&" working days" -> Apr 2027 26 working days | J96: 6-Period Total
B97: Concrete (m3) | C97: m3 | D97: =SUMIFS(INDEX(FCA_Per,0,1),FCA_Site,SelCrit) -> 0 | E97: =SUMIFS(INDEX(FCA_Per,0,2),FCA_Site,SelCrit) -> 0 | F97: =SUMIFS(INDEX(FCA_Per,0,3),FCA_Site,SelCrit) -> 0 | G97: =SUMIFS(INDEX(FCA_Per,0,4),FCA_Site,SelCrit) -> 0 | H97: =SUMIFS(INDEX(FCA_Per,0,5),FCA_Site,SelCrit) -> 0 | I97: =SUMIFS(INDEX(FCA_Per,0,6),FCA_Site,SelCrit) -> 0 | J97: =SUM(D97:I97) -> 0 | R97: Concrete (m3)
B98: =INDEX(Mat_Short,1) -> Cement | C98: =INDEX(Mat_Unit,1) -> bags | D98: =SUMIFS(INDEX(FC_Use,0,1),FC_Site,SelCrit,FC_Mat,$Q$14) -> 0 | E98: =SUMIFS(INDEX(FC_Use,0,2),FC_Site,SelCrit,FC_Mat,$Q$14) -> 0 | F98: =SUMIFS(INDEX(FC_Use,0,3),FC_Site,SelCrit,FC_Mat,$Q$14) -> 0 | G98: =SUMIFS(INDEX(FC_Use,0,4),FC_Site,SelCrit,FC_Mat,$Q$14) -> 0 | H98: =SUMIFS(INDEX(FC_Use,0,5),FC_Site,SelCrit,FC_Mat,$Q$14) -> 0 | I98: =SUMIFS(INDEX(FC_Use,0,6),FC_Site,SelCrit,FC_Mat,$Q$14) -> 0 | J98: =SUM(D98:I98) -> 0 | R98: =B98&" use ("&C98&")" -> Cement use (bags)
B99: =INDEX(Mat_Short,2) -> Sand | C99: =INDEX(Mat_Unit,2) -> m3 | D99: =SUMIFS(INDEX(FC_Use,0,1),FC_Site,SelCrit,FC_Mat,$Q$15) -> 0 | E99: =SUMIFS(INDEX(FC_Use,0,2),FC_Site,SelCrit,FC_Mat,$Q$15) -> 0 | F99: =SUMIFS(INDEX(FC_Use,0,3),FC_Site,SelCrit,FC_Mat,$Q$15) -> 0 | G99: =SUMIFS(INDEX(FC_Use,0,4),FC_Site,SelCrit,FC_Mat,$Q$15) -> 0 | H99: =SUMIFS(INDEX(FC_Use,0,5),FC_Site,SelCrit,FC_Mat,$Q$15) -> 0 | I99: =SUMIFS(INDEX(FC_Use,0,6),FC_Site,SelCrit,FC_Mat,$Q$15) -> 0 | J99: =SUM(D99:I99) -> 0 | R99: =B99&" use ("&C99&")" -> Sand use (m3)
B100: =INDEX(Mat_Short,3) -> Gravel 3/4" | C100: =INDEX(Mat_Unit,3) -> m3 | D100: =SUMIFS(INDEX(FC_Use,0,1),FC_Site,SelCrit,FC_Mat,$Q$16) -> 0 | E100: =SUMIFS(INDEX(FC_Use,0,2),FC_Site,SelCrit,FC_Mat,$Q$16) -> 0 | F100: =SUMIFS(INDEX(FC_Use,0,3),FC_Site,SelCrit,FC_Mat,$Q$16) -> 0 | G100: =SUMIFS(INDEX(FC_Use,0,4),FC_Site,SelCrit,FC_Mat,$Q$16) -> 0 | H100: =SUMIFS(INDEX(FC_Use,0,5),FC_Site,SelCrit,FC_Mat,$Q$16) -> 0 | I100: =SUMIFS(INDEX(FC_Use,0,6),FC_Site,SelCrit,FC_Mat,$Q$16) -> 0 | J100: =SUM(D100:I100) -> 0 | R100: =B100&" use ("&C100&")" -> Gravel 3/4" use (m3)
B101: =INDEX(Mat_Short,4) -> Gravel 3/8" | C101: =INDEX(Mat_Unit,4) -> m3 | D101: =SUMIFS(INDEX(FC_Use,0,1),FC_Site,SelCrit,FC_Mat,$Q$17) -> 0 | E101: =SUMIFS(INDEX(FC_Use,0,2),FC_Site,SelCrit,FC_Mat,$Q$17) -> 0 | F101: =SUMIFS(INDEX(FC_Use,0,3),FC_Site,SelCrit,FC_Mat,$Q$17) -> 0 | G101: =SUMIFS(INDEX(FC_Use,0,4),FC_Site,SelCrit,FC_Mat,$Q$17) -> 0 | H101: =SUMIFS(INDEX(FC_Use,0,5),FC_Site,SelCrit,FC_Mat,$Q$17) -> 0 | I101: =SUMIFS(INDEX(FC_Use,0,6),FC_Site,SelCrit,FC_Mat,$Q$17) -> 0 | J101: =SUM(D101:I101) -> 0 | R101: =B101&" use ("&C101&")" -> Gravel 3/8" use (m3)
B102: =INDEX(Mat_Short,5) -> Admixture | C102: =INDEX(Mat_Unit,5) -> L | D102: =SUMIFS(INDEX(FC_Use,0,1),FC_Site,SelCrit,FC_Mat,$Q$18) -> 0 | E102: =SUMIFS(INDEX(FC_Use,0,2),FC_Site,SelCrit,FC_Mat,$Q$18) -> 0 | F102: =SUMIFS(INDEX(FC_Use,0,3),FC_Site,SelCrit,FC_Mat,$Q$18) -> 0 | G102: =SUMIFS(INDEX(FC_Use,0,4),FC_Site,SelCrit,FC_Mat,$Q$18) -> 0 | H102: =SUMIFS(INDEX(FC_Use,0,5),FC_Site,SelCrit,FC_Mat,$Q$18) -> 0 | I102: =SUMIFS(INDEX(FC_Use,0,6),FC_Site,SelCrit,FC_Mat,$Q$18) -> 0 | J102: =SUM(D102:I102) -> 0 | R102: =B102&" use ("&C102&")" -> Admixture use (L)
B104: Scheduled deliveries | C104: Unit | D104: =Forecast!B$9 -> Nov 2026 | E104: =Forecast!C$9 -> Dec 2026 | F104: =Forecast!D$9 -> Jan 2027 | G104: =Forecast!E$9 -> Feb 2027 | H104: =Forecast!F$9 -> Mar 2027 | I104: =Forecast!G$9 -> Apr 2027 | J104: 6-Period Total
B105: =INDEX(Mat_Short,1) -> Cement | C105: =INDEX(Mat_Unit,1) -> bags | D105: =SUMIFS(INDEX(FC_In,0,1),FC_Site,SelCrit,FC_Mat,$Q$14) -> 0 | E105: =SUMIFS(INDEX(FC_In,0,2),FC_Site,SelCrit,FC_Mat,$Q$14) -> 0 | F105: =SUMIFS(INDEX(FC_In,0,3),FC_Site,SelCrit,FC_Mat,$Q$14) -> 0 | G105: =SUMIFS(INDEX(FC_In,0,4),FC_Site,SelCrit,FC_Mat,$Q$14) -> 0 | H105: =SUMIFS(INDEX(FC_In,0,5),FC_Site,SelCrit,FC_Mat,$Q$14) -> 0 | I105: =SUMIFS(INDEX(FC_In,0,6),FC_Site,SelCrit,FC_Mat,$Q$14) -> 0 | J105: =SUM(D105:I105) -> 0
B106: =INDEX(Mat_Short,2) -> Sand | C106: =INDEX(Mat_Unit,2) -> m3 | D106: =SUMIFS(INDEX(FC_In,0,1),FC_Site,SelCrit,FC_Mat,$Q$15) -> 0 | E106: =SUMIFS(INDEX(FC_In,0,2),FC_Site,SelCrit,FC_Mat,$Q$15) -> 0 | F106: =SUMIFS(INDEX(FC_In,0,3),FC_Site,SelCrit,FC_Mat,$Q$15) -> 0 | G106: =SUMIFS(INDEX(FC_In,0,4),FC_Site,SelCrit,FC_Mat,$Q$15) -> 0 | H106: =SUMIFS(INDEX(FC_In,0,5),FC_Site,SelCrit,FC_Mat,$Q$15) -> 0 | I106: =SUMIFS(INDEX(FC_In,0,6),FC_Site,SelCrit,FC_Mat,$Q$15) -> 0 | J106: =SUM(D106:I106) -> 0
B107: =INDEX(Mat_Short,3) -> Gravel 3/4" | C107: =INDEX(Mat_Unit,3) -> m3 | D107: =SUMIFS(INDEX(FC_In,0,1),FC_Site,SelCrit,FC_Mat,$Q$16) -> 0 | E107: =SUMIFS(INDEX(FC_In,0,2),FC_Site,SelCrit,FC_Mat,$Q$16) -> 0 | F107: =SUMIFS(INDEX(FC_In,0,3),FC_Site,SelCrit,FC_Mat,$Q$16) -> 0 | G107: =SUMIFS(INDEX(FC_In,0,4),FC_Site,SelCrit,FC_Mat,$Q$16) -> 0 | H107: =SUMIFS(INDEX(FC_In,0,5),FC_Site,SelCrit,FC_Mat,$Q$16) -> 0 | I107: =SUMIFS(INDEX(FC_In,0,6),FC_Site,SelCrit,FC_Mat,$Q$16) -> 0 | J107: =SUM(D107:I107) -> 0
B108: =INDEX(Mat_Short,4) -> Gravel 3/8" | C108: =INDEX(Mat_Unit,4) -> m3 | D108: =SUMIFS(INDEX(FC_In,0,1),FC_Site,SelCrit,FC_Mat,$Q$17) -> 0 | E108: =SUMIFS(INDEX(FC_In,0,2),FC_Site,SelCrit,FC_Mat,$Q$17) -> 0 | F108: =SUMIFS(INDEX(FC_In,0,3),FC_Site,SelCrit,FC_Mat,$Q$17) -> 0 | G108: =SUMIFS(INDEX(FC_In,0,4),FC_Site,SelCrit,FC_Mat,$Q$17) -> 0 | H108: =SUMIFS(INDEX(FC_In,0,5),FC_Site,SelCrit,FC_Mat,$Q$17) -> 0 | I108: =SUMIFS(INDEX(FC_In,0,6),FC_Site,SelCrit,FC_Mat,$Q$17) -> 0 | J108: =SUM(D108:I108) -> 0
B109: =INDEX(Mat_Short,5) -> Admixture | C109: =INDEX(Mat_Unit,5) -> L | D109: =SUMIFS(INDEX(FC_In,0,1),FC_Site,SelCrit,FC_Mat,$Q$18) -> 0 | E109: =SUMIFS(INDEX(FC_In,0,2),FC_Site,SelCrit,FC_Mat,$Q$18) -> 0 | F109: =SUMIFS(INDEX(FC_In,0,3),FC_Site,SelCrit,FC_Mat,$Q$18) -> 0 | G109: =SUMIFS(INDEX(FC_In,0,4),FC_Site,SelCrit,FC_Mat,$Q$18) -> 0 | H109: =SUMIFS(INDEX(FC_In,0,5),FC_Site,SelCrit,FC_Mat,$Q$18) -> 0 | I109: =SUMIFS(INDEX(FC_In,0,6),FC_Site,SelCrit,FC_Mat,$Q$18) -> 0 | J109: =SUM(D109:I109) -> 0
B111: Still to order (keeps the reorder level) | C111: Unit | D111: =Forecast!B$9 -> Nov 2026 | E111: =Forecast!C$9 -> Dec 2026 | F111: =Forecast!D$9 -> Jan 2027 | G111: =Forecast!E$9 -> Feb 2027 | H111: =Forecast!F$9 -> Mar 2027 | I111: =Forecast!G$9 -> Apr 2027 | J111: 6-Period Total
B112: =INDEX(Mat_Short,1) -> Cement | C112: =INDEX(Mat_Unit,1) -> bags | D112: =SUMIFS(INDEX(FC_Order,0,1),FC_Site,SelCrit,FC_Mat,$Q$14) -> 0 | E112: =SUMIFS(INDEX(FC_Order,0,2),FC_Site,SelCrit,FC_Mat,$Q$14) -> 0 | F112: =SUMIFS(INDEX(FC_Order,0,3),FC_Site,SelCrit,FC_Mat,$Q$14) -> 0 | G112: =SUMIFS(INDEX(FC_Order,0,4),FC_Site,SelCrit,FC_Mat,$Q$14) -> 0 | H112: =SUMIFS(INDEX(FC_Order,0,5),FC_Site,SelCrit,FC_Mat,$Q$14) -> 0 | I112: =SUMIFS(INDEX(FC_Order,0,6),FC_Site,SelCrit,FC_Mat,$Q$14) -> 0 | J112: =SUM(D112:I112) -> 0 | R112: ="Still to order ("&C112&")" -> Still to order (bags)
B113: =INDEX(Mat_Short,2) -> Sand | C113: =INDEX(Mat_Unit,2) -> m3 | D113: =SUMIFS(INDEX(FC_Order,0,1),FC_Site,SelCrit,FC_Mat,$Q$15) -> 0 | E113: =SUMIFS(INDEX(FC_Order,0,2),FC_Site,SelCrit,FC_Mat,$Q$15) -> 0 | F113: =SUMIFS(INDEX(FC_Order,0,3),FC_Site,SelCrit,FC_Mat,$Q$15) -> 0 | G113: =SUMIFS(INDEX(FC_Order,0,4),FC_Site,SelCrit,FC_Mat,$Q$15) -> 0 | H113: =SUMIFS(INDEX(FC_Order,0,5),FC_Site,SelCrit,FC_Mat,$Q$15) -> 0 | I113: =SUMIFS(INDEX(FC_Order,0,6),FC_Site,SelCrit,FC_Mat,$Q$15) -> 0 | J113: =SUM(D113:I113) -> 0 | R113: ="Still to order ("&C113&")" -> Still to order (m3)
B114: =INDEX(Mat_Short,3) -> Gravel 3/4" | C114: =INDEX(Mat_Unit,3) -> m3 | D114: =SUMIFS(INDEX(FC_Order,0,1),FC_Site,SelCrit,FC_Mat,$Q$16) -> 0 | E114: =SUMIFS(INDEX(FC_Order,0,2),FC_Site,SelCrit,FC_Mat,$Q$16) -> 0 | F114: =SUMIFS(INDEX(FC_Order,0,3),FC_Site,SelCrit,FC_Mat,$Q$16) -> 0 | G114: =SUMIFS(INDEX(FC_Order,0,4),FC_Site,SelCrit,FC_Mat,$Q$16) -> 0 | H114: =SUMIFS(INDEX(FC_Order,0,5),FC_Site,SelCrit,FC_Mat,$Q$16) -> 0 | I114: =SUMIFS(INDEX(FC_Order,0,6),FC_Site,SelCrit,FC_Mat,$Q$16) -> 0 | J114: =SUM(D114:I114) -> 0 | R114: ="Still to order ("&C114&")" -> Still to order (m3)
B115: =INDEX(Mat_Short,4) -> Gravel 3/8" | C115: =INDEX(Mat_Unit,4) -> m3 | D115: =SUMIFS(INDEX(FC_Order,0,1),FC_Site,SelCrit,FC_Mat,$Q$17) -> 0 | E115: =SUMIFS(INDEX(FC_Order,0,2),FC_Site,SelCrit,FC_Mat,$Q$17) -> 0 | F115: =SUMIFS(INDEX(FC_Order,0,3),FC_Site,SelCrit,FC_Mat,$Q$17) -> 0 | G115: =SUMIFS(INDEX(FC_Order,0,4),FC_Site,SelCrit,FC_Mat,$Q$17) -> 0 | H115: =SUMIFS(INDEX(FC_Order,0,5),FC_Site,SelCrit,FC_Mat,$Q$17) -> 0 | I115: =SUMIFS(INDEX(FC_Order,0,6),FC_Site,SelCrit,FC_Mat,$Q$17) -> 0 | J115: =SUM(D115:I115) -> 0 | R115: ="Still to order ("&C115&")" -> Still to order (m3)
B116: =INDEX(Mat_Short,5) -> Admixture | C116: =INDEX(Mat_Unit,5) -> L | D116: =SUMIFS(INDEX(FC_Order,0,1),FC_Site,SelCrit,FC_Mat,$Q$18) -> 0 | E116: =SUMIFS(INDEX(FC_Order,0,2),FC_Site,SelCrit,FC_Mat,$Q$18) -> 0 | F116: =SUMIFS(INDEX(FC_Order,0,3),FC_Site,SelCrit,FC_Mat,$Q$18) -> 0 | G116: =SUMIFS(INDEX(FC_Order,0,4),FC_Site,SelCrit,FC_Mat,$Q$18) -> 0 | H116: =SUMIFS(INDEX(FC_Order,0,5),FC_Site,SelCrit,FC_Mat,$Q$18) -> 0 | I116: =SUMIFS(INDEX(FC_Order,0,6),FC_Site,SelCrit,FC_Mat,$Q$18) -> 0 | J116: =SUM(D116:I116) -> 0 | R116: ="Still to order ("&C116&")" -> Still to order (L)
B117: Still to order = forecast use − scheduled deliveries − stock above the reorder level, per period, so that each period closes at the reorder level (lead time + safety stock of usage). Details per site: Forecast sheet.
B119: FORECAST VISUALS — selected site

Sheet Current Inventory
A1: 1 · Current Inventory — Stock on Hand per Site
A2: One row per site and material: physical count (beginning balance), count date and storage capacity. Deliveries and consumption from the count date up to the As-of Date are applied automatically.
A3: ="Stock as of "&TEXT(AsOfDate,"dd mmm yyyy")&" (As-of Date is set in Settings)" -> Stock as of 31 Oct 2026 (As-of Date is set in Settings)
A4: Site / Project | B4: Material Code | C4: Material | D4: Unit | E4: Count Date | F4: Beginning Balance (physical count) | G4: Max Storage Capacity | H4: Deliveries Received (+) | I4: Consumption (−) | J4: Current Stock | K4: % of Capacity | L4: Check | M4: Remarks
A5: Example Site | B5: CEM | C5: Cement | D5: bags | E5: 46296 | F5: 1500 | G5: 3000 | H5: (auto) | I5: (auto) | J5: (auto) | K5: (auto) | M5: Example row — shows the format, not counted
A6: Batulao Parkhomes | B6: CEM | C6: =IF($B6="","",IFERROR(INDEX(Mat_Short,MATCH($B6,Mat_Code,0)),"⚠ Unknown code")) -> Cement | D6: =IF($B6="","",IFERROR(INDEX(Mat_Unit,MATCH($B6,Mat_Code,0)),"")) -> bags | H6: =IF(OR($A6="",$B6=""),"",SUMIFS(Del_Qty,Del_Site,$A6,Del_Mat,$B6,Del_Status,"Received",Del_Date,">="&N($E6),Del_Date,"<="&AsOfDate)) -> 0 | I6: =IF(OR($A6="",$B6=""),"",IFERROR(SUMIFS(INDEX(Con_Use,0,MATCH($B6,Mat_Code,0)),Con_Site,$A6,Con_Date,">="&N($E6),Con_Date,"<="&AsOfDate),0)) -> 0 | J6: =IF(OR($A6="",$B6="",$F6=""),"",$F6+$H6-$I6) | K6: =IF(OR($J6="",N($G6)<=0),"",MAX(0,$J6)/$G6) | L6: =IF(OR($A6="",$B6=""),"",IF(COUNTIFS(CI_Site,$A6,CI_Mat,$B6)>1,"⚠ Duplicate site + material row",IF(ISNA(MATCH($B6,Mat_Code,0)),"⚠ Unknown material code",IF($E6="","⚠ Enter count date",IF($F6="","⚠ Enter beginning balance",IF(N($G6)<=0,"⚠ Enter storage capacity",IF($E6>AsOfDate,"⚠ Count date is after the As-of Date",IF($J6<0,"⚠ Negative stock – check logs or recount","OK")))))))) -> ⚠ Enter count date
A7: Batulao Parkhomes | B7: SAND | C7: =IF($B7="","",IFERROR(INDEX(Mat_Short,MATCH($B7,Mat_Code,0)),"⚠ Unknown code")) -> Sand | D7: =IF($B7="","",IFERROR(INDEX(Mat_Unit,MATCH($B7,Mat_Code,0)),"")) -> m3 | H7: =IF(OR($A7="",$B7=""),"",SUMIFS(Del_Qty,Del_Site,$A7,Del_Mat,$B7,Del_Status,"Received",Del_Date,">="&N($E7),Del_Date,"<="&AsOfDate)) -> 0 | I7: =IF(OR($A7="",$B7=""),"",IFERROR(SUMIFS(INDEX(Con_Use,0,MATCH($B7,Mat_Code,0)),Con_Site,$A7,Con_Date,">="&N($E7),Con_Date,"<="&AsOfDate),0)) -> 0 | J7: =IF(OR($A7="",$B7="",$F7=""),"",$F7+$H7-$I7) | K7: =IF(OR($J7="",N($G7)<=0),"",MAX(0,$J7)/$G7) | L7: =IF(OR($A7="",$B7=""),"",IF(COUNTIFS(CI_Site,$A7,CI_Mat,$B7)>1,"⚠ Duplicate site + material row",IF(ISNA(MATCH($B7,Mat_Code,0)),"⚠ Unknown material code",IF($E7="","⚠ Enter count date",IF($F7="","⚠ Enter beginning balance",IF(N($G7)<=0,"⚠ Enter storage capacity",IF($E7>AsOfDate,"⚠ Count date is after the As-of Date",IF($J7<0,"⚠ Negative stock – check logs or recount","OK")))))))) -> ⚠ Enter count date
A8: Batulao Parkhomes | B8: G34 | C8: =IF($B8="","",IFERROR(INDEX(Mat_Short,MATCH($B8,Mat_Code,0)),"⚠ Unknown code")) -> Gravel 3/4" | D8: =IF($B8="","",IFERROR(INDEX(Mat_Unit,MATCH($B8,Mat_Code,0)),"")) -> m3 | H8: =IF(OR($A8="",$B8=""),"",SUMIFS(Del_Qty,Del_Site,$A8,Del_Mat,$B8,Del_Status,"Received",Del_Date,">="&N($E8),Del_Date,"<="&AsOfDate)) -> 0 | I8: =IF(OR($A8="",$B8=""),"",IFERROR(SUMIFS(INDEX(Con_Use,0,MATCH($B8,Mat_Code,0)),Con_Site,$A8,Con_Date,">="&N($E8),Con_Date,"<="&AsOfDate),0)) -> 0 | J8: =IF(OR($A8="",$B8="",$F8=""),"",$F8+$H8-$I8) | K8: =IF(OR($J8="",N($G8)<=0),"",MAX(0,$J8)/$G8) | L8: =IF(OR($A8="",$B8=""),"",IF(COUNTIFS(CI_Site,$A8,CI_Mat,$B8)>1,"⚠ Duplicate site + material row",IF(ISNA(MATCH($B8,Mat_Code,0)),"⚠ Unknown material code",IF($E8="","⚠ Enter count date",IF($F8="","⚠ Enter beginning balance",IF(N($G8)<=0,"⚠ Enter storage capacity",IF($E8>AsOfDate,"⚠ Count date is after the As-of Date",IF($J8<0,"⚠ Negative stock – check logs or recount","OK")))))))) -> ⚠ Enter count date
A9: Batulao Parkhomes | B9: G38 | C9: =IF($B9="","",IFERROR(INDEX(Mat_Short,MATCH($B9,Mat_Code,0)),"⚠ Unknown code")) -> Gravel 3/8" | D9: =IF($B9="","",IFERROR(INDEX(Mat_Unit,MATCH($B9,Mat_Code,0)),"")) -> m3 | H9: =IF(OR($A9="",$B9=""),"",SUMIFS(Del_Qty,Del_Site,$A9,Del_Mat,$B9,Del_Status,"Received",Del_Date,">="&N($E9),Del_Date,"<="&AsOfDate)) -> 0 | I9: =IF(OR($A9="",$B9=""),"",IFERROR(SUMIFS(INDEX(Con_Use,0,MATCH($B9,Mat_Code,0)),Con_Site,$A9,Con_Date,">="&N($E9),Con_Date,"<="&AsOfDate),0)) -> 0 | J9: =IF(OR($A9="",$B9="",$F9=""),"",$F9+$H9-$I9) | K9: =IF(OR($J9="",N($G9)<=0),"",MAX(0,$J9)/$G9) | L9: =IF(OR($A9="",$B9=""),"",IF(COUNTIFS(CI_Site,$A9,CI_Mat,$B9)>1,"⚠ Duplicate site + material row",IF(ISNA(MATCH($B9,Mat_Code,0)),"⚠ Unknown material code",IF($E9="","⚠ Enter count date",IF($F9="","⚠ Enter beginning balance",IF(N($G9)<=0,"⚠ Enter storage capacity",IF($E9>AsOfDate,"⚠ Count date is after the As-of Date",IF($J9<0,"⚠ Negative stock – check logs or recount","OK")))))))) -> ⚠ Enter count date
A10: Batulao Parkhomes | B10: ADM | C10: =IF($B10="","",IFERROR(INDEX(Mat_Short,MATCH($B10,Mat_Code,0)),"⚠ Unknown code")) -> Admixture | D10: =IF($B10="","",IFERROR(INDEX(Mat_Unit,MATCH($B10,Mat_Code,0)),"")) -> L | H10: =IF(OR($A10="",$B10=""),"",SUMIFS(Del_Qty,Del_Site,$A10,Del_Mat,$B10,Del_Status,"Received",Del_Date,">="&N($E10),Del_Date,"<="&AsOfDate)) -> 0 | I10: =IF(OR($A10="",$B10=""),"",IFERROR(SUMIFS(INDEX(Con_Use,0,MATCH($B10,Mat_Code,0)),Con_Site,$A10,Con_Date,">="&N($E10),Con_Date,"<="&AsOfDate),0)) -> 0 | J10: =IF(OR($A10="",$B10="",$F10=""),"",$F10+$H10-$I10) | K10: =IF(OR($J10="",N($G10)<=0),"",MAX(0,$J10)/$G10) | L10: =IF(OR($A10="",$B10=""),"",IF(COUNTIFS(CI_Site,$A10,CI_Mat,$B10)>1,"⚠ Duplicate site + material row",IF(ISNA(MATCH($B10,Mat_Code,0)),"⚠ Unknown material code",IF($E10="","⚠ Enter count date",IF($F10="","⚠ Enter beginning balance",IF(N($G10)<=0,"⚠ Enter storage capacity",IF($E10>AsOfDate,"⚠ Count date is after the As-of Date",IF($J10<0,"⚠ Negative stock – check logs or recount","OK")))))))) -> ⚠ Enter count date
A11: Calauan (Alora+Amani) | B11: CEM | C11: =IF($B11="","",IFERROR(INDEX(Mat_Short,MATCH($B11,Mat_Code,0)),"⚠ Unknown code")) -> Cement | D11: =IF($B11="","",IFERROR(INDEX(Mat_Unit,MATCH($B11,Mat_Code,0)),"")) -> bags | H11: =IF(OR($A11="",$B11=""),"",SUMIFS(Del_Qty,Del_Site,$A11,Del_Mat,$B11,Del_Status,"Received",Del_Date,">="&N($E11),Del_Date,"<="&AsOfDate)) -> 0 | I11: =IF(OR($A11="",$B11=""),"",IFERROR(SUMIFS(INDEX(Con_Use,0,MATCH($B11,Mat_Code,0)),Con_Site,$A11,Con_Date,">="&N($E11),Con_Date,"<="&AsOfDate),0)) -> 0 | J11: =IF(OR($A11="",$B11="",$F11=""),"",$F11+$H11-$I11) | K11: =IF(OR($J11="",N($G11)<=0),"",MAX(0,$J11)/$G11) | L11: =IF(OR($A11="",$B11=""),"",IF(COUNTIFS(CI_Site,$A11,CI_Mat,$B11)>1,"⚠ Duplicate site + material row",IF(ISNA(MATCH($B11,Mat_Code,0)),"⚠ Unknown material code",IF($E11="","⚠ Enter count date",IF($F11="","⚠ Enter beginning balance",IF(N($G11)<=0,"⚠ Enter storage capacity",IF($E11>AsOfDate,"⚠ Count date is after the As-of Date",IF($J11<0,"⚠ Negative stock – check logs or recount","OK")))))))) -> ⚠ Enter count date
A12: Calauan (Alora+Amani) | B12: SAND | C12: =IF($B12="","",IFERROR(INDEX(Mat_Short,MATCH($B12,Mat_Code,0)),"⚠ Unknown code")) -> Sand | D12: =IF($B12="","",IFERROR(INDEX(Mat_Unit,MATCH($B12,Mat_Code,0)),"")) -> m3 | H12: =IF(OR($A12="",$B12=""),"",SUMIFS(Del_Qty,Del_Site,$A12,Del_Mat,$B12,Del_Status,"Received",Del_Date,">="&N($E12),Del_Date,"<="&AsOfDate)) -> 0 | I12: =IF(OR($A12="",$B12=""),"",IFERROR(SUMIFS(INDEX(Con_Use,0,MATCH($B12,Mat_Code,0)),Con_Site,$A12,Con_Date,">="&N($E12),Con_Date,"<="&AsOfDate),0)) -> 0 | J12: =IF(OR($A12="",$B12="",$F12=""),"",$F12+$H12-$I12) | K12: =IF(OR($J12="",N($G12)<=0),"",MAX(0,$J12)/$G12) | L12: =IF(OR($A12="",$B12=""),"",IF(COUNTIFS(CI_Site,$A12,CI_Mat,$B12)>1,"⚠ Duplicate site + material row",IF(ISNA(MATCH($B12,Mat_Code,0)),"⚠ Unknown material code",IF($E12="","⚠ Enter count date",IF($F12="","⚠ Enter beginning balance",IF(N($G12)<=0,"⚠ Enter storage capacity",IF($E12>AsOfDate,"⚠ Count date is after the As-of Date",IF($J12<0,"⚠ Negative stock – check logs or recount","OK")))))))) -> ⚠ Enter count date
A13: Calauan (Alora+Amani) | B13: G34 | C13: =IF($B13="","",IFERROR(INDEX(Mat_Short,MATCH($B13,Mat_Code,0)),"⚠ Unknown code")) -> Gravel 3/4" | D13: =IF($B13="","",IFERROR(INDEX(Mat_Unit,MATCH($B13,Mat_Code,0)),"")) -> m3 | H13: =IF(OR($A13="",$B13=""),"",SUMIFS(Del_Qty,Del_Site,$A13,Del_Mat,$B13,Del_Status,"Received",Del_Date,">="&N($E13),Del_Date,"<="&AsOfDate)) -> 0 | I13: =IF(OR($A13="",$B13=""),"",IFERROR(SUMIFS(INDEX(Con_Use,0,MATCH($B13,Mat_Code,0)),Con_Site,$A13,Con_Date,">="&N($E13),Con_Date,"<="&AsOfDate),0)) -> 0 | J13: =IF(OR($A13="",$B13="",$F13=""),"",$F13+$H13-$I13) | K13: =IF(OR($J13="",N($G13)<=0),"",MAX(0,$J13)/$G13) | L13: =IF(OR($A13="",$B13=""),"",IF(COUNTIFS(CI_Site,$A13,CI_Mat,$B13)>1,"⚠ Duplicate site + material row",IF(ISNA(MATCH($B13,Mat_Code,0)),"⚠ Unknown material code",IF($E13="","⚠ Enter count date",IF($F13="","⚠ Enter beginning balance",IF(N($G13)<=0,"⚠ Enter storage capacity",IF($E13>AsOfDate,"⚠ Count date is after the As-of Date",IF($J13<0,"⚠ Negative stock – check logs or recount","OK")))))))) -> ⚠ Enter count date
A14: Calauan (Alora+Amani) | B14: G38 | C14: =IF($B14="","",IFERROR(INDEX(Mat_Short,MATCH($B14,Mat_Code,0)),"⚠ Unknown code")) -> Gravel 3/8" | D14: =IF($B14="","",IFERROR(INDEX(Mat_Unit,MATCH($B14,Mat_Code,0)),"")) -> m3 | H14: =IF(OR($A14="",$B14=""),"",SUMIFS(Del_Qty,Del_Site,$A14,Del_Mat,$B14,Del_Status,"Received",Del_Date,">="&N($E14),Del_Date,"<="&AsOfDate)) -> 0 | I14: =IF(OR($A14="",$B14=""),"",IFERROR(SUMIFS(INDEX(Con_Use,0,MATCH($B14,Mat_Code,0)),Con_Site,$A14,Con_Date,">="&N($E14),Con_Date,"<="&AsOfDate),0)) -> 0 | J14: =IF(OR($A14="",$B14="",$F14=""),"",$F14+$H14-$I14) | K14: =IF(OR($J14="",N($G14)<=0),"",MAX(0,$J14)/$G14) | L14: =IF(OR($A14="",$B14=""),"",IF(COUNTIFS(CI_Site,$A14,CI_Mat,$B14)>1,"⚠ Duplicate site + material row",IF(ISNA(MATCH($B14,Mat_Code,0)),"⚠ Unknown material code",IF($E14="","⚠ Enter count date",IF($F14="","⚠ Enter beginning balance",IF(N($G14)<=0,"⚠ Enter storage capacity",IF($E14>AsOfDate,"⚠ Count date is after the As-of Date",IF($J14<0,"⚠ Negative stock – check logs or recount","OK")))))))) -> ⚠ Enter count date
A15: Calauan (Alora+Amani) | B15: ADM | C15: =IF($B15="","",IFERROR(INDEX(Mat_Short,MATCH($B15,Mat_Code,0)),"⚠ Unknown code")) -> Admixture | D15: =IF($B15="","",IFERROR(INDEX(Mat_Unit,MATCH($B15,Mat_Code,0)),"")) -> L | H15: =IF(OR($A15="",$B15=""),"",SUMIFS(Del_Qty,Del_Site,$A15,Del_Mat,$B15,Del_Status,"Received",Del_Date,">="&N($E15),Del_Date,"<="&AsOfDate)) -> 0 | I15: =IF(OR($A15="",$B15=""),"",IFERROR(SUMIFS(INDEX(Con_Use,0,MATCH($B15,Mat_Code,0)),Con_Site,$A15,Con_Date,">="&N($E15),Con_Date,"<="&AsOfDate),0)) -> 0 | J15: =IF(OR($A15="",$B15="",$F15=""),"",$F15+$H15-$I15) | K15: =IF(OR($J15="",N($G15)<=0),"",MAX(0,$J15)/$G15) | L15: =IF(OR($A15="",$B15=""),"",IF(COUNTIFS(CI_Site,$A15,CI_Mat,$B15)>1,"⚠ Duplicate site + material row",IF(ISNA(MATCH($B15,Mat_Code,0)),"⚠ Unknown material code",IF($E15="","⚠ Enter count date",IF($F15="","⚠ Enter beginning balance",IF(N($G15)<=0,"⚠ Enter storage capacity",IF($E15>AsOfDate,"⚠ Count date is after the As-of Date",IF($J15<0,"⚠ Negative stock – check logs or recount","OK")))))))) -> ⚠ Enter count date
A16: Gentri | B16: CEM | C16: =IF($B16="","",IFERROR(INDEX(Mat_Short,MATCH($B16,Mat_Code,0)),"⚠ Unknown code")) -> Cement | D16: =IF($B16="","",IFERROR(INDEX(Mat_Unit,MATCH($B16,Mat_Code,0)),"")) -> bags | H16: =IF(OR($A16="",$B16=""),"",SUMIFS(Del_Qty,Del_Site,$A16,Del_Mat,$B16,Del_Status,"Received",Del_Date,">="&N($E16),Del_Date,"<="&AsOfDate)) -> 0 | I16: =IF(OR($A16="",$B16=""),"",IFERROR(SUMIFS(INDEX(Con_Use,0,MATCH($B16,Mat_Code,0)),Con_Site,$A16,Con_Date,">="&N($E16),Con_Date,"<="&AsOfDate),0)) -> 0 | J16: =IF(OR($A16="",$B16="",$F16=""),"",$F16+$H16-$I16) | K16: =IF(OR($J16="",N($G16)<=0),"",MAX(0,$J16)/$G16) | L16: =IF(OR($A16="",$B16=""),"",IF(COUNTIFS(CI_Site,$A16,CI_Mat,$B16)>1,"⚠ Duplicate site + material row",IF(ISNA(MATCH($B16,Mat_Code,0)),"⚠ Unknown material code",IF($E16="","⚠ Enter count date",IF($F16="","⚠ Enter beginning balance",IF(N($G16)<=0,"⚠ Enter storage capacity",IF($E16>AsOfDate,"⚠ Count date is after the As-of Date",IF($J16<0,"⚠ Negative stock – check logs or recount","OK")))))))) -> ⚠ Enter count date
A17: Gentri | B17: SAND | C17: =IF($B17="","",IFERROR(INDEX(Mat_Short,MATCH($B17,Mat_Code,0)),"⚠ Unknown code")) -> Sand | D17: =IF($B17="","",IFERROR(INDEX(Mat_Unit,MATCH($B17,Mat_Code,0)),"")) -> m3 | H17: =IF(OR($A17="",$B17=""),"",SUMIFS(Del_Qty,Del_Site,$A17,Del_Mat,$B17,Del_Status,"Received",Del_Date,">="&N($E17),Del_Date,"<="&AsOfDate)) -> 0 | I17: =IF(OR($A17="",$B17=""),"",IFERROR(SUMIFS(INDEX(Con_Use,0,MATCH($B17,Mat_Code,0)),Con_Site,$A17,Con_Date,">="&N($E17),Con_Date,"<="&AsOfDate),0)) -> 0 | J17: =IF(OR($A17="",$B17="",$F17=""),"",$F17+$H17-$I17) | K17: =IF(OR($J17="",N($G17)<=0),"",MAX(0,$J17)/$G17) | L17: =IF(OR($A17="",$B17=""),"",IF(COUNTIFS(CI_Site,$A17,CI_Mat,$B17)>1,"⚠ Duplicate site + material row",IF(ISNA(MATCH($B17,Mat_Code,0)),"⚠ Unknown material code",IF($E17="","⚠ Enter count date",IF($F17="","⚠ Enter beginning balance",IF(N($G17)<=0,"⚠ Enter storage capacity",IF($E17>AsOfDate,"⚠ Count date is after the As-of Date",IF($J17<0,"⚠ Negative stock – check logs or recount","OK")))))))) -> ⚠ Enter count date
... A45: Batulao Impression | B45: ADM | C45: =IF($B45="","",IFERROR(INDEX(Mat_Short,MATCH($B45,Mat_Code,0)),"⚠ Unknown code")) -> Admixture | D45: =IF($B45="","",IFERROR(INDEX(Mat_Unit,MATCH($B45,Mat_Code,0)),"")) -> L | H45: =IF(OR($A45="",$B45=""),"",SUMIFS(Del_Qty,Del_Site,$A45,Del_Mat,$B45,Del_Status,"Received",Del_Date,">="&N($E45),Del_Date,"<="&AsOfDate)) -> 0 | I45: =IF(OR($A45="",$B45=""),"",IFERROR(SUMIFS(INDEX(Con_Use,0,MATCH($B45,Mat_Code,0)),Con_Site,$A45,Con_Date,">="&N($E45),Con_Date,"<="&AsOfDate),0)) -> 0 | J45: =IF(OR($A45="",$B45="",$F45=""),"",$F45+$H45-$I45) | K45: =IF(OR($J45="",N($G45)<=0),"",MAX(0,$J45)/$G45) | L45: =IF(OR($A45="",$B45=""),"",IF(COUNTIFS(CI_Site,$A45,CI_Mat,$B45)>1,"⚠ Duplicate site + material row",IF(ISNA(MATCH($B45,Mat_Code,0)),"⚠ Unknown material code",IF($E45="","⚠ Enter count date",IF($F45="","⚠ Enter beginning balance",IF(N($G45)<=0,"⚠ Enter storage capacity",IF($E45>AsOfDate,"⚠ Count date is after the As-of Date",IF($J45<0,"⚠ Negative stock – check logs or recount","OK")))))))) -> ⚠ Enter count date
C46: =IF($B46="","",IFERROR(INDEX(Mat_Short,MATCH($B46,Mat_Code,0)),"⚠ Unknown code")) | D46: =IF($B46="","",IFERROR(INDEX(Mat_Unit,MATCH($B46,Mat_Code,0)),"")) | H46: =IF(OR($A46="",$B46=""),"",SUMIFS(Del_Qty,Del_Site,$A46,Del_Mat,$B46,Del_Status,"Received",Del_Date,">="&N($E46),Del_Date,"<="&AsOfDate)) | I46: =IF(OR($A46="",$B46=""),"",IFERROR(SUMIFS(INDEX(Con_Use,0,MATCH($B46,Mat_Code,0)),Con_Site,$A46,Con_Date,">="&N($E46),Con_Date,"<="&AsOfDate),0)) | J46: =IF(OR($A46="",$B46="",$F46=""),"",$F46+$H46-$I46) | K46: =IF(OR($J46="",N($G46)<=0),"",MAX(0,$J46)/$G46) | L46: =IF(OR($A46="",$B46=""),"",IF(COUNTIFS(CI_Site,$A46,CI_Mat,$B46)>1,"⚠ Duplicate site + material row",IF(ISNA(MATCH($B46,Mat_Code,0)),"⚠ Unknown material code",IF($E46="","⚠ Enter count date",IF($F46="","⚠ Enter beginning balance",IF(N($G46)<=0,"⚠ Enter storage capacity",IF($E46>AsOfDate,"⚠ Count date is after the As-of Date",IF($J46<0,"⚠ Negative stock – check logs or recount","OK"))))))))
C47: =IF($B47="","",IFERROR(INDEX(Mat_Short,MATCH($B47,Mat_Code,0)),"⚠ Unknown code")) | D47: =IF($B47="","",IFERROR(INDEX(Mat_Unit,MATCH($B47,Mat_Code,0)),"")) | H47: =IF(OR($A47="",$B47=""),"",SUMIFS(Del_Qty,Del_Site,$A47,Del_Mat,$B47,Del_Status,"Received",Del_Date,">="&N($E47),Del_Date,"<="&AsOfDate)) | I47: =IF(OR($A47="",$B47=""),"",IFERROR(SUMIFS(INDEX(Con_Use,0,MATCH($B47,Mat_Code,0)),Con_Site,$A47,Con_Date,">="&N($E47),Con_Date,"<="&AsOfDate),0)) | J47: =IF(OR($A47="",$B47="",$F47=""),"",$F47+$H47-$I47) | K47: =IF(OR($J47="",N($G47)<=0),"",MAX(0,$J47)/$G47) | L47: =IF(OR($A47="",$B47=""),"",IF(COUNTIFS(CI_Site,$A47,CI_Mat,$B47)>1,"⚠ Duplicate site + material row",IF(ISNA(MATCH($B47,Mat_Code,0)),"⚠ Unknown material code",IF($E47="","⚠ Enter count date",IF($F47="","⚠ Enter beginning balance",IF(N($G47)<=0,"⚠ Enter storage capacity",IF($E47>AsOfDate,"⚠ Count date is after the As-of Date",IF($J47<0,"⚠ Negative stock – check logs or recount","OK"))))))))
C48: =IF($B48="","",IFERROR(INDEX(Mat_Short,MATCH($B48,Mat_Code,0)),"⚠ Unknown code")) | D48: =IF($B48="","",IFERROR(INDEX(Mat_Unit,MATCH($B48,Mat_Code,0)),"")) | H48: =IF(OR($A48="",$B48=""),"",SUMIFS(Del_Qty,Del_Site,$A48,Del_Mat,$B48,Del_Status,"Received",Del_Date,">="&N($E48),Del_Date,"<="&AsOfDate)) | I48: =IF(OR($A48="",$B48=""),"",IFERROR(SUMIFS(INDEX(Con_Use,0,MATCH($B48,Mat_Code,0)),Con_Site,$A48,Con_Date,">="&N($E48),Con_Date,"<="&AsOfDate),0)) | J48: =IF(OR($A48="",$B48="",$F48=""),"",$F48+$H48-$I48) | K48: =IF(OR($J48="",N($G48)<=0),"",MAX(0,$J48)/$G48) | L48: =IF(OR($A48="",$B48=""),"",IF(COUNTIFS(CI_Site,$A48,CI_Mat,$B48)>1,"⚠ Duplicate site + material row",IF(ISNA(MATCH($B48,Mat_Code,0)),"⚠ Unknown material code",IF($E48="","⚠ Enter count date",IF($F48="","⚠ Enter beginning balance",IF(N($G48)<=0,"⚠ Enter storage capacity",IF($E48>AsOfDate,"⚠ Count date is after the As-of Date",IF($J48<0,"⚠ Negative stock – check logs or recount","OK"))))))))
C49: =IF($B49="","",IFERROR(INDEX(Mat_Short,MATCH($B49,Mat_Code,0)),"⚠ Unknown code")) | D49: =IF($B49="","",IFERROR(INDEX(Mat_Unit,MATCH($B49,Mat_Code,0)),"")) | H49: =IF(OR($A49="",$B49=""),"",SUMIFS(Del_Qty,Del_Site,$A49,Del_Mat,$B49,Del_Status,"Received",Del_Date,">="&N($E49),Del_Date,"<="&AsOfDate)) | I49: =IF(OR($A49="",$B49=""),"",IFERROR(SUMIFS(INDEX(Con_Use,0,MATCH($B49,Mat_Code,0)),Con_Site,$A49,Con_Date,">="&N($E49),Con_Date,"<="&AsOfDate),0)) | J49: =IF(OR($A49="",$B49="",$F49=""),"",$F49+$H49-$I49) | K49: =IF(OR($J49="",N($G49)<=0),"",MAX(0,$J49)/$G49) | L49: =IF(OR($A49="",$B49=""),"",IF(COUNTIFS(CI_Site,$A49,CI_Mat,$B49)>1,"⚠ Duplicate site + material row",IF(ISNA(MATCH($B49,Mat_Code,0)),"⚠ Unknown material code",IF($E49="","⚠ Enter count date",IF($F49="","⚠ Enter beginning balance",IF(N($G49)<=0,"⚠ Enter storage capacity",IF($E49>AsOfDate,"⚠ Count date is after the As-of Date",IF($J49<0,"⚠ Negative stock – check logs or recount","OK"))))))))
C50: =IF($B50="","",IFERROR(INDEX(Mat_Short,MATCH($B50,Mat_Code,0)),"⚠ Unknown code")) | D50: =IF($B50="","",IFERROR(INDEX(Mat_Unit,MATCH($B50,Mat_Code,0)),"")) | H50: =IF(OR($A50="",$B50=""),"",SUMIFS(Del_Qty,Del_Site,$A50,Del_Mat,$B50,Del_Status,"Received",Del_Date,">="&N($E50),Del_Date,"<="&AsOfDate)) | I50: =IF(OR($A50="",$B50=""),"",IFERROR(SUMIFS(INDEX(Con_Use,0,MATCH($B50,Mat_Code,0)),Con_Site,$A50,Con_Date,">="&N($E50),Con_Date,"<="&AsOfDate),0)) | J50: =IF(OR($A50="",$B50="",$F50=""),"",$F50+$H50-$I50) | K50: =IF(OR($J50="",N($G50)<=0),"",MAX(0,$J50)/$G50) | L50: =IF(OR($A50="",$B50=""),"",IF(COUNTIFS(CI_Site,$A50,CI_Mat,$B50)>1,"⚠ Duplicate site + material row",IF(ISNA(MATCH($B50,Mat_Code,0)),"⚠ Unknown material code",IF($E50="","⚠ Enter count date",IF($F50="","⚠ Enter beginning balance",IF(N($G50)<=0,"⚠ Enter storage capacity",IF($E50>AsOfDate,"⚠ Count date is after the As-of Date",IF($J50<0,"⚠ Negative stock – check logs or recount","OK"))))))))
C51: =IF($B51="","",IFERROR(INDEX(Mat_Short,MATCH($B51,Mat_Code,0)),"⚠ Unknown code")) | D51: =IF($B51="","",IFERROR(INDEX(Mat_Unit,MATCH($B51,Mat_Code,0)),"")) | H51: =IF(OR($A51="",$B51=""),"",SUMIFS(Del_Qty,Del_Site,$A51,Del_Mat,$B51,Del_Status,"Received",Del_Date,">="&N($E51),Del_Date,"<="&AsOfDate)) | I51: =IF(OR($A51="",$B51=""),"",IFERROR(SUMIFS(INDEX(Con_Use,0,MATCH($B51,Mat_Code,0)),Con_Site,$A51,Con_Date,">="&N($E51),Con_Date,"<="&AsOfDate),0)) | J51: =IF(OR($A51="",$B51="",$F51=""),"",$F51+$H51-$I51) | K51: =IF(OR($J51="",N($G51)<=0),"",MAX(0,$J51)/$G51) | L51: =IF(OR($A51="",$B51=""),"",IF(COUNTIFS(CI_Site,$A51,CI_Mat,$B51)>1,"⚠ Duplicate site + material row",IF(ISNA(MATCH($B51,Mat_Code,0)),"⚠ Unknown material code",IF($E51="","⚠ Enter count date",IF($F51="","⚠ Enter beginning balance",IF(N($G51)<=0,"⚠ Enter storage capacity",IF($E51>AsOfDate,"⚠ Count date is after the As-of Date",IF($J51<0,"⚠ Negative stock – check logs or recount","OK"))))))))
C52: =IF($B52="","",IFERROR(INDEX(Mat_Short,MATCH($B52,Mat_Code,0)),"⚠ Unknown code")) | D52: =IF($B52="","",IFERROR(INDEX(Mat_Unit,MATCH($B52,Mat_Code,0)),"")) | H52: =IF(OR($A52="",$B52=""),"",SUMIFS(Del_Qty,Del_Site,$A52,Del_Mat,$B52,Del_Status,"Received",Del_Date,">="&N($E52),Del_Date,"<="&AsOfDate)) | I52: =IF(OR($A52="",$B52=""),"",IFERROR(SUMIFS(INDEX(Con_Use,0,MATCH($B52,Mat_Code,0)),Con_Site,$A52,Con_Date,">="&N($E52),Con_Date,"<="&AsOfDate),0)) | J52: =IF(OR($A52="",$B52="",$F52=""),"",$F52+$H52-$I52) | K52: =IF(OR($J52="",N($G52)<=0),"",MAX(0,$J52)/$G52) | L52: =IF(OR($A52="",$B52=""),"",IF(COUNTIFS(CI_Site,$A52,CI_Mat,$B52)>1,"⚠ Duplicate site + material row",IF(ISNA(MATCH($B52,Mat_Code,0)),"⚠ Unknown material code",IF($E52="","⚠ Enter count date",IF($F52="","⚠ Enter beginning balance",IF(N($G52)<=0,"⚠ Enter storage capacity",IF($E52>AsOfDate,"⚠ Count date is after the As-of Date",IF($J52<0,"⚠ Negative stock – check logs or recount","OK"))))))))
C53: =IF($B53="","",IFERROR(INDEX(Mat_Short,MATCH($B53,Mat_Code,0)),"⚠ Unknown code")) | D53: =IF($B53="","",IFERROR(INDEX(Mat_Unit,MATCH($B53,Mat_Code,0)),"")) | H53: =IF(OR($A53="",$B53=""),"",SUMIFS(Del_Qty,Del_Site,$A53,Del_Mat,$B53,Del_Status,"Received",Del_Date,">="&N($E53),Del_Date,"<="&AsOfDate)) | I53: =IF(OR($A53="",$B53=""),"",IFERROR(SUMIFS(INDEX(Con_Use,0,MATCH($B53,Mat_Code,0)),Con_Site,$A53,Con_Date,">="&N($E53),Con_Date,"<="&AsOfDate),0)) | J53: =IF(OR($A53="",$B53="",$F53=""),"",$F53+$H53-$I53) | K53: =IF(OR($J53="",N($G53)<=0),"",MAX(0,$J53)/$G53) | L53: =IF(OR($A53="",$B53=""),"",IF(COUNTIFS(CI_Site,$A53,CI_Mat,$B53)>1,"⚠ Duplicate site + material row",IF(ISNA(MATCH($B53,Mat_Code,0)),"⚠ Unknown material code",IF($E53="","⚠ Enter count date",IF($F53="","⚠ Enter beginning balance",IF(N($G53)<=0,"⚠ Enter storage capacity",IF($E53>AsOfDate,"⚠ Count date is after the As-of Date",IF($J53<0,"⚠ Negative stock – check logs or recount","OK"))))))))
C54: =IF($B54="","",IFERROR(INDEX(Mat_Short,MATCH($B54,Mat_Code,0)),"⚠ Unknown code")) | D54: =IF($B54="","",IFERROR(INDEX(Mat_Unit,MATCH($B54,Mat_Code,0)),"")) | H54: =IF(OR($A54="",$B54=""),"",SUMIFS(Del_Qty,Del_Site,$A54,Del_Mat,$B54,Del_Status,"Received",Del_Date,">="&N($E54),Del_Date,"<="&AsOfDate)) | I54: =IF(OR($A54="",$B54=""),"",IFERROR(SUMIFS(INDEX(Con_Use,0,MATCH($B54,Mat_Code,0)),Con_Site,$A54,Con_Date,">="&N($E54),Con_Date,"<="&AsOfDate),0)) | J54: =IF(OR($A54="",$B54="",$F54=""),"",$F54+$H54-$I54) | K54: =IF(OR($J54="",N($G54)<=0),"",MAX(0,$J54)/$G54) | L54: =IF(OR($A54="",$B54=""),"",IF(COUNTIFS(CI_Site,$A54,CI_Mat,$B54)>1,"⚠ Duplicate site + material row",IF(ISNA(MATCH($B54,Mat_Code,0)),"⚠ Unknown material code",IF($E54="","⚠ Enter count date",IF($F54="","⚠ Enter beginning balance",IF(N($G54)<=0,"⚠ Enter storage capacity",IF($E54>AsOfDate,"⚠ Count date is after the As-of Date",IF($J54<0,"⚠ Negative stock – check logs or recount","OK"))))))))
C55: =IF($B55="","",IFERROR(INDEX(Mat_Short,MATCH($B55,Mat_Code,0)),"⚠ Unknown code")) | D55: =IF($B55="","",IFERROR(INDEX(Mat_Unit,MATCH($B55,Mat_Code,0)),"")) | H55: =IF(OR($A55="",$B55=""),"",SUMIFS(Del_Qty,Del_Site,$A55,Del_Mat,$B55,Del_Status,"Received",Del_Date,">="&N($E55),Del_Date,"<="&AsOfDate)) | I55: =IF(OR($A55="",$B55=""),"",IFERROR(SUMIFS(INDEX(Con_Use,0,MATCH($B55,Mat_Code,0)),Con_Site,$A55,Con_Date,">="&N($E55),Con_Date,"<="&AsOfDate),0)) | J55: =IF(OR($A55="",$B55="",$F55=""),"",$F55+$H55-$I55) | K55: =IF(OR($J55="",N($G55)<=0),"",MAX(0,$J55)/$G55) | L55: =IF(OR($A55="",$B55=""),"",IF(COUNTIFS(CI_Site,$A55,CI_Mat,$B55)>1,"⚠ Duplicate site + material row",IF(ISNA(MATCH($B55,Mat_Code,0)),"⚠ Unknown material code",IF($E55="","⚠ Enter count date",IF($F55="","⚠ Enter beginning balance",IF(N($G55)<=0,"⚠ Enter storage capacity",IF($E55>AsOfDate,"⚠ Count date is after the As-of Date",IF($J55<0,"⚠ Negative stock – check logs or recount","OK"))))))))
C56: =IF($B56="","",IFERROR(INDEX(Mat_Short,MATCH($B56,Mat_Code,0)),"⚠ Unknown code")) | D56: =IF($B56="","",IFERROR(INDEX(Mat_Unit,MATCH($B56,Mat_Code,0)),"")) | H56: =IF(OR($A56="",$B56=""),"",SUMIFS(Del_Qty,Del_Site,$A56,Del_Mat,$B56,Del_Status,"Received",Del_Date,">="&N($E56),Del_Date,"<="&AsOfDate)) | I56: =IF(OR($A56="",$B56=""),"",IFERROR(SUMIFS(INDEX(Con_Use,0,MATCH($B56,Mat_Code,0)),Con_Site,$A56,Con_Date,">="&N($E56),Con_Date,"<="&AsOfDate),0)) | J56: =IF(OR($A56="",$B56="",$F56=""),"",$F56+$H56-$I56) | K56: =IF(OR($J56="",N($G56)<=0),"",MAX(0,$J56)/$G56) | L56: =IF(OR($A56="",$B56=""),"",IF(COUNTIFS(CI_Site,$A56,CI_Mat,$B56)>1,"⚠ Duplicate site + material row",IF(ISNA(MATCH($B56,Mat_Code,0)),"⚠ Unknown material code",IF($E56="","⚠ Enter count date",IF($F56="","⚠ Enter beginning balance",IF(N($G56)<=0,"⚠ Enter storage capacity",IF($E56>AsOfDate,"⚠ Count date is after the As-of Date",IF($J56<0,"⚠ Negative stock – check logs or recount","OK"))))))))
C57: =IF($B57="","",IFERROR(INDEX(Mat_Short,MATCH($B57,Mat_Code,0)),"⚠ Unknown code")) | D57: =IF($B57="","",IFERROR(INDEX(Mat_Unit,MATCH($B57,Mat_Code,0)),"")) | H57: =IF(OR($A57="",$B57=""),"",SUMIFS(Del_Qty,Del_Site,$A57,Del_Mat,$B57,Del_Status,"Received",Del_Date,">="&N($E57),Del_Date,"<="&AsOfDate)) | I57: =IF(OR($A57="",$B57=""),"",IFERROR(SUMIFS(INDEX(Con_Use,0,MATCH($B57,Mat_Code,0)),Con_Site,$A57,Con_Date,">="&N($E57),Con_Date,"<="&AsOfDate),0)) | J57: =IF(OR($A57="",$B57="",$F57=""),"",$F57+$H57-$I57) | K57: =IF(OR($J57="",N($G57)<=0),"",MAX(0,$J57)/$G57) | L57: =IF(OR($A57="",$B57=""),"",IF(COUNTIFS(CI_Site,$A57,CI_Mat,$B57)>1,"⚠ Duplicate site + material row",IF(ISNA(MATCH($B57,Mat_Code,0)),"⚠ Unknown material code",IF($E57="","⚠ Enter count date",IF($F57="","⚠ Enter beginning balance",IF(N($G57)<=0,"⚠ Enter storage capacity",IF($E57>AsOfDate,"⚠ Count date is after the As-of Date",IF($J57<0,"⚠ Negative stock – check logs or recount","OK"))))))))
... C105: =IF($B105="","",IFERROR(INDEX(Mat_Short,MATCH($B105,Mat_Code,0)),"⚠ Unknown code")) | D105: =IF($B105="","",IFERROR(INDEX(Mat_Unit,MATCH($B105,Mat_Code,0)),"")) | H105: =IF(OR($A105="",$B105=""),"",SUMIFS(Del_Qty,Del_Site,$A105,Del_Mat,$B105,Del_Status,"Received",Del_Date,">="&N($E105),Del_Date,"<="&AsOfDate)) | I105: =IF(OR($A105="",$B105=""),"",IFERROR(SUMIFS(INDEX(Con_Use,0,MATCH($B105,Mat_Code,0)),Con_Site,$A105,Con_Date,">="&N($E105),Con_Date,"<="&AsOfDate),0)) | J105: =IF(OR($A105="",$B105="",$F105=""),"",$F105+$H105-$I105) | K105: =IF(OR($J105="",N($G105)<=0),"",MAX(0,$J105)/$G105) | L105: =IF(OR($A105="",$B105=""),"",IF(COUNTIFS(CI_Site,$A105,CI_Mat,$B105)>1,"⚠ Duplicate site + material row",IF(ISNA(MATCH($B105,Mat_Code,0)),"⚠ Unknown material code",IF($E105="","⚠ Enter count date",IF($F105="","⚠ Enter beginning balance",IF(N($G105)<=0,"⚠ Enter storage capacity",IF($E105>AsOfDate,"⚠ Count date is after the As-of Date",IF($J105<0,"⚠ Negative stock – check logs or recount","OK"))))))))

Sheet Consumption Log
A1: 2 · Consumption Log — Concrete Produced (m3) by Mix Design
A2: Declare the m3 of concrete produced per day (or per pour/shift). Material used = m3 × mix design quantity × (1 + allowance), and is deducted from stock automatically.
A4: Date | B4: Site / Project | C4: Mix Code | D4: Concrete Produced (m3) | E4: Mix Description | F4: =Settings!$C$11&" used"&CHAR(10)&"("&Settings!$E$11&")" -> Cement used (bags) | G4: =Settings!$C$12&" used"&CHAR(10)&"("&Settings!$E$12&")" -> Sand used (m3) | H4: =Settings!$C$13&" used"&CHAR(10)&"("&Settings!$E$13&")" -> Gravel 3/4" used (m3) | I4: =Settings!$C$14&" used"&CHAR(10)&"("&Settings!$E$14&")" -> Gravel 3/8" used (m3) | J4: =Settings!$C$15&" used"&CHAR(10)&"("&Settings!$E$15&")" -> Admixture used (L) | K4: Element / Remarks | L4: Check
A5: 46296 | B5: Example Site | C5: MD-01 | D5: 18.5 | E5: Precast Wall Panel | F5: (auto) | G5: (auto) | H5: (auto) | I5: (auto) | J5: (auto) | K5: Example row — wall panels, casting beds 1-3
E6: =IF($C6="","",IFERROR(INDEX(Mix_Desc,MATCH($C6,Mix_Code,0)),"⚠ Unknown mix code")) | F6: =IF(OR($C6="",$D6=""),"",IFERROR($D6*INDEX(Mix_Eff,MATCH($C6,Mix_Code,0),1),"")) | G6: =IF(OR($C6="",$D6=""),"",IFERROR($D6*INDEX(Mix_Eff,MATCH($C6,Mix_Code,0),2),"")) | H6: =IF(OR($C6="",$D6=""),"",IFERROR($D6*INDEX(Mix_Eff,MATCH($C6,Mix_Code,0),3),"")) | I6: =IF(OR($C6="",$D6=""),"",IFERROR($D6*INDEX(Mix_Eff,MATCH($C6,Mix_Code,0),4),"")) | J6: =IF(OR($C6="",$D6=""),"",IFERROR($D6*INDEX(Mix_Eff,MATCH($C6,Mix_Code,0),5),"")) | L6: =IF(AND($A6="",$B6="",$C6="",$D6=""),"",IF($A6="","⚠ Date missing",IF($B6="","⚠ Site missing",IF(ISNA(MATCH($C6,Mix_Code,0)),"⚠ Unknown mix code",IF($D6="","⚠ Enter m3 produced",IF(COUNTIF(CI_Site,$B6)=0,"⚠ Site not set up in Current Inventory",IF($A6>AsOfDate,"Future date – not yet deducted","OK")))))))
E7: =IF($C7="","",IFERROR(INDEX(Mix_Desc,MATCH($C7,Mix_Code,0)),"⚠ Unknown mix code")) | F7: =IF(OR($C7="",$D7=""),"",IFERROR($D7*INDEX(Mix_Eff,MATCH($C7,Mix_Code,0),1),"")) | G7: =IF(OR($C7="",$D7=""),"",IFERROR($D7*INDEX(Mix_Eff,MATCH($C7,Mix_Code,0),2),"")) | H7: =IF(OR($C7="",$D7=""),"",IFERROR($D7*INDEX(Mix_Eff,MATCH($C7,Mix_Code,0),3),"")) | I7: =IF(OR($C7="",$D7=""),"",IFERROR($D7*INDEX(Mix_Eff,MATCH($C7,Mix_Code,0),4),"")) | J7: =IF(OR($C7="",$D7=""),"",IFERROR($D7*INDEX(Mix_Eff,MATCH($C7,Mix_Code,0),5),"")) | L7: =IF(AND($A7="",$B7="",$C7="",$D7=""),"",IF($A7="","⚠ Date missing",IF($B7="","⚠ Site missing",IF(ISNA(MATCH($C7,Mix_Code,0)),"⚠ Unknown mix code",IF($D7="","⚠ Enter m3 produced",IF(COUNTIF(CI_Site,$B7)=0,"⚠ Site not set up in Current Inventory",IF($A7>AsOfDate,"Future date – not yet deducted","OK")))))))
E8: =IF($C8="","",IFERROR(INDEX(Mix_Desc,MATCH($C8,Mix_Code,0)),"⚠ Unknown mix code")) | F8: =IF(OR($C8="",$D8=""),"",IFERROR($D8*INDEX(Mix_Eff,MATCH($C8,Mix_Code,0),1),"")) | G8: =IF(OR($C8="",$D8=""),"",IFERROR($D8*INDEX(Mix_Eff,MATCH($C8,Mix_Code,0),2),"")) | H8: =IF(OR($C8="",$D8=""),"",IFERROR($D8*INDEX(Mix_Eff,MATCH($C8,Mix_Code,0),3),"")) | I8: =IF(OR($C8="",$D8=""),"",IFERROR($D8*INDEX(Mix_Eff,MATCH($C8,Mix_Code,0),4),"")) | J8: =IF(OR($C8="",$D8=""),"",IFERROR($D8*INDEX(Mix_Eff,MATCH($C8,Mix_Code,0),5),"")) | L8: =IF(AND($A8="",$B8="",$C8="",$D8=""),"",IF($A8="","⚠ Date missing",IF($B8="","⚠ Site missing",IF(ISNA(MATCH($C8,Mix_Code,0)),"⚠ Unknown mix code",IF($D8="","⚠ Enter m3 produced",IF(COUNTIF(CI_Site,$B8)=0,"⚠ Site not set up in Current Inventory",IF($A8>AsOfDate,"Future date – not yet deducted","OK")))))))
E9: =IF($C9="","",IFERROR(INDEX(Mix_Desc,MATCH($C9,Mix_Code,0)),"⚠ Unknown mix code")) | F9: =IF(OR($C9="",$D9=""),"",IFERROR($D9*INDEX(Mix_Eff,MATCH($C9,Mix_Code,0),1),"")) | G9: =IF(OR($C9="",$D9=""),"",IFERROR($D9*INDEX(Mix_Eff,MATCH($C9,Mix_Code,0),2),"")) | H9: =IF(OR($C9="",$D9=""),"",IFERROR($D9*INDEX(Mix_Eff,MATCH($C9,Mix_Code,0),3),"")) | I9: =IF(OR($C9="",$D9=""),"",IFERROR($D9*INDEX(Mix_Eff,MATCH($C9,Mix_Code,0),4),"")) | J9: =IF(OR($C9="",$D9=""),"",IFERROR($D9*INDEX(Mix_Eff,MATCH($C9,Mix_Code,0),5),"")) | L9: =IF(AND($A9="",$B9="",$C9="",$D9=""),"",IF($A9="","⚠ Date missing",IF($B9="","⚠ Site missing",IF(ISNA(MATCH($C9,Mix_Code,0)),"⚠ Unknown mix code",IF($D9="","⚠ Enter m3 produced",IF(COUNTIF(CI_Site,$B9)=0,"⚠ Site not set up in Current Inventory",IF($A9>AsOfDate,"Future date – not yet deducted","OK")))))))
E10: =IF($C10="","",IFERROR(INDEX(Mix_Desc,MATCH($C10,Mix_Code,0)),"⚠ Unknown mix code")) | F10: =IF(OR($C10="",$D10=""),"",IFERROR($D10*INDEX(Mix_Eff,MATCH($C10,Mix_Code,0),1),"")) | G10: =IF(OR($C10="",$D10=""),"",IFERROR($D10*INDEX(Mix_Eff,MATCH($C10,Mix_Code,0),2),"")) | H10: =IF(OR($C10="",$D10=""),"",IFERROR($D10*INDEX(Mix_Eff,MATCH($C10,Mix_Code,0),3),"")) | I10: =IF(OR($C10="",$D10=""),"",IFERROR($D10*INDEX(Mix_Eff,MATCH($C10,Mix_Code,0),4),"")) | J10: =IF(OR($C10="",$D10=""),"",IFERROR($D10*INDEX(Mix_Eff,MATCH($C10,Mix_Code,0),5),"")) | L10: =IF(AND($A10="",$B10="",$C10="",$D10=""),"",IF($A10="","⚠ Date missing",IF($B10="","⚠ Site missing",IF(ISNA(MATCH($C10,Mix_Code,0)),"⚠ Unknown mix code",IF($D10="","⚠ Enter m3 produced",IF(COUNTIF(CI_Site,$B10)=0,"⚠ Site not set up in Current Inventory",IF($A10>AsOfDate,"Future date – not yet deducted","OK")))))))
E11: =IF($C11="","",IFERROR(INDEX(Mix_Desc,MATCH($C11,Mix_Code,0)),"⚠ Unknown mix code")) | F11: =IF(OR($C11="",$D11=""),"",IFERROR($D11*INDEX(Mix_Eff,MATCH($C11,Mix_Code,0),1),"")) | G11: =IF(OR($C11="",$D11=""),"",IFERROR($D11*INDEX(Mix_Eff,MATCH($C11,Mix_Code,0),2),"")) | H11: =IF(OR($C11="",$D11=""),"",IFERROR($D11*INDEX(Mix_Eff,MATCH($C11,Mix_Code,0),3),"")) | I11: =IF(OR($C11="",$D11=""),"",IFERROR($D11*INDEX(Mix_Eff,MATCH($C11,Mix_Code,0),4),"")) | J11: =IF(OR($C11="",$D11=""),"",IFERROR($D11*INDEX(Mix_Eff,MATCH($C11,Mix_Code,0),5),"")) | L11: =IF(AND($A11="",$B11="",$C11="",$D11=""),"",IF($A11="","⚠ Date missing",IF($B11="","⚠ Site missing",IF(ISNA(MATCH($C11,Mix_Code,0)),"⚠ Unknown mix code",IF($D11="","⚠ Enter m3 produced",IF(COUNTIF(CI_Site,$B11)=0,"⚠ Site not set up in Current Inventory",IF($A11>AsOfDate,"Future date – not yet deducted","OK")))))))
E12: =IF($C12="","",IFERROR(INDEX(Mix_Desc,MATCH($C12,Mix_Code,0)),"⚠ Unknown mix code")) | F12: =IF(OR($C12="",$D12=""),"",IFERROR($D12*INDEX(Mix_Eff,MATCH($C12,Mix_Code,0),1),"")) | G12: =IF(OR($C12="",$D12=""),"",IFERROR($D12*INDEX(Mix_Eff,MATCH($C12,Mix_Code,0),2),"")) | H12: =IF(OR($C12="",$D12=""),"",IFERROR($D12*INDEX(Mix_Eff,MATCH($C12,Mix_Code,0),3),"")) | I12: =IF(OR($C12="",$D12=""),"",IFERROR($D12*INDEX(Mix_Eff,MATCH($C12,Mix_Code,0),4),"")) | J12: =IF(OR($C12="",$D12=""),"",IFERROR($D12*INDEX(Mix_Eff,MATCH($C12,Mix_Code,0),5),"")) | L12: =IF(AND($A12="",$B12="",$C12="",$D12=""),"",IF($A12="","⚠ Date missing",IF($B12="","⚠ Site missing",IF(ISNA(MATCH($C12,Mix_Code,0)),"⚠ Unknown mix code",IF($D12="","⚠ Enter m3 produced",IF(COUNTIF(CI_Site,$B12)=0,"⚠ Site not set up in Current Inventory",IF($A12>AsOfDate,"Future date – not yet deducted","OK")))))))
E13: =IF($C13="","",IFERROR(INDEX(Mix_Desc,MATCH($C13,Mix_Code,0)),"⚠ Unknown mix code")) | F13: =IF(OR($C13="",$D13=""),"",IFERROR($D13*INDEX(Mix_Eff,MATCH($C13,Mix_Code,0),1),"")) | G13: =IF(OR($C13="",$D13=""),"",IFERROR($D13*INDEX(Mix_Eff,MATCH($C13,Mix_Code,0),2),"")) | H13: =IF(OR($C13="",$D13=""),"",IFERROR($D13*INDEX(Mix_Eff,MATCH($C13,Mix_Code,0),3),"")) | I13: =IF(OR($C13="",$D13=""),"",IFERROR($D13*INDEX(Mix_Eff,MATCH($C13,Mix_Code,0),4),"")) | J13: =IF(OR($C13="",$D13=""),"",IFERROR($D13*INDEX(Mix_Eff,MATCH($C13,Mix_Code,0),5),"")) | L13: =IF(AND($A13="",$B13="",$C13="",$D13=""),"",IF($A13="","⚠ Date missing",IF($B13="","⚠ Site missing",IF(ISNA(MATCH($C13,Mix_Code,0)),"⚠ Unknown mix code",IF($D13="","⚠ Enter m3 produced",IF(COUNTIF(CI_Site,$B13)=0,"⚠ Site not set up in Current Inventory",IF($A13>AsOfDate,"Future date – not yet deducted","OK")))))))
E14: =IF($C14="","",IFERROR(INDEX(Mix_Desc,MATCH($C14,Mix_Code,0)),"⚠ Unknown mix code")) | F14: =IF(OR($C14="",$D14=""),"",IFERROR($D14*INDEX(Mix_Eff,MATCH($C14,Mix_Code,0),1),"")) | G14: =IF(OR($C14="",$D14=""),"",IFERROR($D14*INDEX(Mix_Eff,MATCH($C14,Mix_Code,0),2),"")) | H14: =IF(OR($C14="",$D14=""),"",IFERROR($D14*INDEX(Mix_Eff,MATCH($C14,Mix_Code,0),3),"")) | I14: =IF(OR($C14="",$D14=""),"",IFERROR($D14*INDEX(Mix_Eff,MATCH($C14,Mix_Code,0),4),"")) | J14: =IF(OR($C14="",$D14=""),"",IFERROR($D14*INDEX(Mix_Eff,MATCH($C14,Mix_Code,0),5),"")) | L14: =IF(AND($A14="",$B14="",$C14="",$D14=""),"",IF($A14="","⚠ Date missing",IF($B14="","⚠ Site missing",IF(ISNA(MATCH($C14,Mix_Code,0)),"⚠ Unknown mix code",IF($D14="","⚠ Enter m3 produced",IF(COUNTIF(CI_Site,$B14)=0,"⚠ Site not set up in Current Inventory",IF($A14>AsOfDate,"Future date – not yet deducted","OK")))))))
E15: =IF($C15="","",IFERROR(INDEX(Mix_Desc,MATCH($C15,Mix_Code,0)),"⚠ Unknown mix code")) | F15: =IF(OR($C15="",$D15=""),"",IFERROR($D15*INDEX(Mix_Eff,MATCH($C15,Mix_Code,0),1),"")) | G15: =IF(OR($C15="",$D15=""),"",IFERROR($D15*INDEX(Mix_Eff,MATCH($C15,Mix_Code,0),2),"")) | H15: =IF(OR($C15="",$D15=""),"",IFERROR($D15*INDEX(Mix_Eff,MATCH($C15,Mix_Code,0),3),"")) | I15: =IF(OR($C15="",$D15=""),"",IFERROR($D15*INDEX(Mix_Eff,MATCH($C15,Mix_Code,0),4),"")) | J15: =IF(OR($C15="",$D15=""),"",IFERROR($D15*INDEX(Mix_Eff,MATCH($C15,Mix_Code,0),5),"")) | L15: =IF(AND($A15="",$B15="",$C15="",$D15=""),"",IF($A15="","⚠ Date missing",IF($B15="","⚠ Site missing",IF(ISNA(MATCH($C15,Mix_Code,0)),"⚠ Unknown mix code",IF($D15="","⚠ Enter m3 produced",IF(COUNTIF(CI_Site,$B15)=0,"⚠ Site not set up in Current Inventory",IF($A15>AsOfDate,"Future date – not yet deducted","OK")))))))
E16: =IF($C16="","",IFERROR(INDEX(Mix_Desc,MATCH($C16,Mix_Code,0)),"⚠ Unknown mix code")) | F16: =IF(OR($C16="",$D16=""),"",IFERROR($D16*INDEX(Mix_Eff,MATCH($C16,Mix_Code,0),1),"")) | G16: =IF(OR($C16="",$D16=""),"",IFERROR($D16*INDEX(Mix_Eff,MATCH($C16,Mix_Code,0),2),"")) | H16: =IF(OR($C16="",$D16=""),"",IFERROR($D16*INDEX(Mix_Eff,MATCH($C16,Mix_Code,0),3),"")) | I16: =IF(OR($C16="",$D16=""),"",IFERROR($D16*INDEX(Mix_Eff,MATCH($C16,Mix_Code,0),4),"")) | J16: =IF(OR($C16="",$D16=""),"",IFERROR($D16*INDEX(Mix_Eff,MATCH($C16,Mix_Code,0),5),"")) | L16: =IF(AND($A16="",$B16="",$C16="",$D16=""),"",IF($A16="","⚠ Date missing",IF($B16="","⚠ Site missing",IF(ISNA(MATCH($C16,Mix_Code,0)),"⚠ Unknown mix code",IF($D16="","⚠ Enter m3 produced",IF(COUNTIF(CI_Site,$B16)=0,"⚠ Site not set up in Current Inventory",IF($A16>AsOfDate,"Future date – not yet deducted","OK")))))))
E17: =IF($C17="","",IFERROR(INDEX(Mix_Desc,MATCH($C17,Mix_Code,0)),"⚠ Unknown mix code")) | F17: =IF(OR($C17="",$D17=""),"",IFERROR($D17*INDEX(Mix_Eff,MATCH($C17,Mix_Code,0),1),"")) | G17: =IF(OR($C17="",$D17=""),"",IFERROR($D17*INDEX(Mix_Eff,MATCH($C17,Mix_Code,0),2),"")) | H17: =IF(OR($C17="",$D17=""),"",IFERROR($D17*INDEX(Mix_Eff,MATCH($C17,Mix_Code,0),3),"")) | I17: =IF(OR($C17="",$D17=""),"",IFERROR($D17*INDEX(Mix_Eff,MATCH($C17,Mix_Code,0),4),"")) | J17: =IF(OR($C17="",$D17=""),"",IFERROR($D17*INDEX(Mix_Eff,MATCH($C17,Mix_Code,0),5),"")) | L17: =IF(AND($A17="",$B17="",$C17="",$D17=""),"",IF($A17="","⚠ Date missing",IF($B17="","⚠ Site missing",IF(ISNA(MATCH($C17,Mix_Code,0)),"⚠ Unknown mix code",IF($D17="","⚠ Enter m3 produced",IF(COUNTIF(CI_Site,$B17)=0,"⚠ Site not set up in Current Inventory",IF($A17>AsOfDate,"Future date – not yet deducted","OK")))))))
... E2005: =IF($C2005="","",IFERROR(INDEX(Mix_Desc,MATCH($C2005,Mix_Code,0)),"⚠ Unknown mix code")) | F2005: =IF(OR($C2005="",$D2005=""),"",IFERROR($D2005*INDEX(Mix_Eff,MATCH($C2005,Mix_Code,0),1),"")) | G2005: =IF(OR($C2005="",$D2005=""),"",IFERROR($D2005*INDEX(Mix_Eff,MATCH($C2005,Mix_Code,0),2),"")) | H2005: =IF(OR($C2005="",$D2005=""),"",IFERROR($D2005*INDEX(Mix_Eff,MATCH($C2005,Mix_Code,0),3),"")) | I2005: =IF(OR($C2005="",$D2005=""),"",IFERROR($D2005*INDEX(Mix_Eff,MATCH($C2005,Mix_Code,0),4),"")) | J2005: =IF(OR($C2005="",$D2005=""),"",IFERROR($D2005*INDEX(Mix_Eff,MATCH($C2005,Mix_Code,0),5),"")) | L2005: =IF(AND($A2005="",$B2005="",$C2005="",$D2005=""),"",IF($A2005="","⚠ Date missing",IF($B2005="","⚠ Site missing",IF(ISNA(MATCH($C2005,Mix_Code,0)),"⚠ Unknown mix code",IF($D2005="","⚠ Enter m3 produced",IF(COUNTIF(CI_Site,$B2005)=0,"⚠ Site not set up in Current Inventory",IF($A2005>AsOfDate,"Future date – not yet deducted","OK")))))))

Sheet Deliveries
A1: 3 · Deliveries — New Stock Added to Current Inventory
A2: One row per delivery receipt. 'Received' is added to stock on its date. 'Scheduled' (ordered, not yet arrived) is not added to stock but is used by the Forecast — change it to Received when it arrives.
A4: Date | B4: Site / Project | C4: Material Code | D4: Material | E4: Quantity | F4: Unit | G4: Status | H4: Supplier | I4: DR / Reference No. | J4: Remarks | K4: Check
A5: 46300 | B5: Example Site | C5: CEM | D5: Cement | E5: 500 | F5: bags | G5: Received | H5: Cement Supplier A | I5: DR-000123 | J5: Example row — 1 truck (20 t)
D6: =IF($C6="","",IFERROR(INDEX(Mat_Short,MATCH($C6,Mat_Code,0)),"⚠ Unknown code")) | F6: =IF($C6="","",IFERROR(INDEX(Mat_Unit,MATCH($C6,Mat_Code,0)),"")) | K6: =IF(AND($A6="",$B6="",$C6="",$E6=""),"",IF($A6="","⚠ Date missing",IF(OR($B6="",$C6=""),"⚠ Site / material missing",IF(COUNTIFS(CI_Site,$B6,CI_Mat,$C6)=0,"⚠ No Current Inventory row for this site + material",IF($G6="","⚠ Status missing",IF(AND($G6="Scheduled",$A6<=AsOfDate),"⚠ Scheduled date reached – mark Received or re-date",IF(AND($G6="Received",$A6>AsOfDate),"Future-dated – added on its date",IF(AND($G6="Received",$A6<SUMIFS(CI_Count,CI_Site,$B6,CI_Mat,$C6)),"Before count date – already in the count","OK"))))))))
D7: =IF($C7="","",IFERROR(INDEX(Mat_Short,MATCH($C7,Mat_Code,0)),"⚠ Unknown code")) | F7: =IF($C7="","",IFERROR(INDEX(Mat_Unit,MATCH($C7,Mat_Code,0)),"")) | K7: =IF(AND($A7="",$B7="",$C7="",$E7=""),"",IF($A7="","⚠ Date missing",IF(OR($B7="",$C7=""),"⚠ Site / material missing",IF(COUNTIFS(CI_Site,$B7,CI_Mat,$C7)=0,"⚠ No Current Inventory row for this site + material",IF($G7="","⚠ Status missing",IF(AND($G7="Scheduled",$A7<=AsOfDate),"⚠ Scheduled date reached – mark Received or re-date",IF(AND($G7="Received",$A7>AsOfDate),"Future-dated – added on its date",IF(AND($G7="Received",$A7<SUMIFS(CI_Count,CI_Site,$B7,CI_Mat,$C7)),"Before count date – already in the count","OK"))))))))
D8: =IF($C8="","",IFERROR(INDEX(Mat_Short,MATCH($C8,Mat_Code,0)),"⚠ Unknown code")) | F8: =IF($C8="","",IFERROR(INDEX(Mat_Unit,MATCH($C8,Mat_Code,0)),"")) | K8: =IF(AND($A8="",$B8="",$C8="",$E8=""),"",IF($A8="","⚠ Date missing",IF(OR($B8="",$C8=""),"⚠ Site / material missing",IF(COUNTIFS(CI_Site,$B8,CI_Mat,$C8)=0,"⚠ No Current Inventory row for this site + material",IF($G8="","⚠ Status missing",IF(AND($G8="Scheduled",$A8<=AsOfDate),"⚠ Scheduled date reached – mark Received or re-date",IF(AND($G8="Received",$A8>AsOfDate),"Future-dated – added on its date",IF(AND($G8="Received",$A8<SUMIFS(CI_Count,CI_Site,$B8,CI_Mat,$C8)),"Before count date – already in the count","OK"))))))))
D9: =IF($C9="","",IFERROR(INDEX(Mat_Short,MATCH($C9,Mat_Code,0)),"⚠ Unknown code")) | F9: =IF($C9="","",IFERROR(INDEX(Mat_Unit,MATCH($C9,Mat_Code,0)),"")) | K9: =IF(AND($A9="",$B9="",$C9="",$E9=""),"",IF($A9="","⚠ Date missing",IF(OR($B9="",$C9=""),"⚠ Site / material missing",IF(COUNTIFS(CI_Site,$B9,CI_Mat,$C9)=0,"⚠ No Current Inventory row for this site + material",IF($G9="","⚠ Status missing",IF(AND($G9="Scheduled",$A9<=AsOfDate),"⚠ Scheduled date reached – mark Received or re-date",IF(AND($G9="Received",$A9>AsOfDate),"Future-dated – added on its date",IF(AND($G9="Received",$A9<SUMIFS(CI_Count,CI_Site,$B9,CI_Mat,$C9)),"Before count date – already in the count","OK"))))))))
D10: =IF($C10="","",IFERROR(INDEX(Mat_Short,MATCH($C10,Mat_Code,0)),"⚠ Unknown code")) | F10: =IF($C10="","",IFERROR(INDEX(Mat_Unit,MATCH($C10,Mat_Code,0)),"")) | K10: =IF(AND($A10="",$B10="",$C10="",$E10=""),"",IF($A10="","⚠ Date missing",IF(OR($B10="",$C10=""),"⚠ Site / material missing",IF(COUNTIFS(CI_Site,$B10,CI_Mat,$C10)=0,"⚠ No Current Inventory row for this site + material",IF($G10="","⚠ Status missing",IF(AND($G10="Scheduled",$A10<=AsOfDate),"⚠ Scheduled date reached – mark Received or re-date",IF(AND($G10="Received",$A10>AsOfDate),"Future-dated – added on its date",IF(AND($G10="Received",$A10<SUMIFS(CI_Count,CI_Site,$B10,CI_Mat,$C10)),"Before count date – already in the count","OK"))))))))
D11: =IF($C11="","",IFERROR(INDEX(Mat_Short,MATCH($C11,Mat_Code,0)),"⚠ Unknown code")) | F11: =IF($C11="","",IFERROR(INDEX(Mat_Unit,MATCH($C11,Mat_Code,0)),"")) | K11: =IF(AND($A11="",$B11="",$C11="",$E11=""),"",IF($A11="","⚠ Date missing",IF(OR($B11="",$C11=""),"⚠ Site / material missing",IF(COUNTIFS(CI_Site,$B11,CI_Mat,$C11)=0,"⚠ No Current Inventory row for this site + material",IF($G11="","⚠ Status missing",IF(AND($G11="Scheduled",$A11<=AsOfDate),"⚠ Scheduled date reached – mark Received or re-date",IF(AND($G11="Received",$A11>AsOfDate),"Future-dated – added on its date",IF(AND($G11="Received",$A11<SUMIFS(CI_Count,CI_Site,$B11,CI_Mat,$C11)),"Before count date – already in the count","OK"))))))))
D12: =IF($C12="","",IFERROR(INDEX(Mat_Short,MATCH($C12,Mat_Code,0)),"⚠ Unknown code")) | F12: =IF($C12="","",IFERROR(INDEX(Mat_Unit,MATCH($C12,Mat_Code,0)),"")) | K12: =IF(AND($A12="",$B12="",$C12="",$E12=""),"",IF($A12="","⚠ Date missing",IF(OR($B12="",$C12=""),"⚠ Site / material missing",IF(COUNTIFS(CI_Site,$B12,CI_Mat,$C12)=0,"⚠ No Current Inventory row for this site + material",IF($G12="","⚠ Status missing",IF(AND($G12="Scheduled",$A12<=AsOfDate),"⚠ Scheduled date reached – mark Received or re-date",IF(AND($G12="Received",$A12>AsOfDate),"Future-dated – added on its date",IF(AND($G12="Received",$A12<SUMIFS(CI_Count,CI_Site,$B12,CI_Mat,$C12)),"Before count date – already in the count","OK"))))))))
D13: =IF($C13="","",IFERROR(INDEX(Mat_Short,MATCH($C13,Mat_Code,0)),"⚠ Unknown code")) | F13: =IF($C13="","",IFERROR(INDEX(Mat_Unit,MATCH($C13,Mat_Code,0)),"")) | K13: =IF(AND($A13="",$B13="",$C13="",$E13=""),"",IF($A13="","⚠ Date missing",IF(OR($B13="",$C13=""),"⚠ Site / material missing",IF(COUNTIFS(CI_Site,$B13,CI_Mat,$C13)=0,"⚠ No Current Inventory row for this site + material",IF($G13="","⚠ Status missing",IF(AND($G13="Scheduled",$A13<=AsOfDate),"⚠ Scheduled date reached – mark Received or re-date",IF(AND($G13="Received",$A13>AsOfDate),"Future-dated – added on its date",IF(AND($G13="Received",$A13<SUMIFS(CI_Count,CI_Site,$B13,CI_Mat,$C13)),"Before count date – already in the count","OK"))))))))
D14: =IF($C14="","",IFERROR(INDEX(Mat_Short,MATCH($C14,Mat_Code,0)),"⚠ Unknown code")) | F14: =IF($C14="","",IFERROR(INDEX(Mat_Unit,MATCH($C14,Mat_Code,0)),"")) | K14: =IF(AND($A14="",$B14="",$C14="",$E14=""),"",IF($A14="","⚠ Date missing",IF(OR($B14="",$C14=""),"⚠ Site / material missing",IF(COUNTIFS(CI_Site,$B14,CI_Mat,$C14)=0,"⚠ No Current Inventory row for this site + material",IF($G14="","⚠ Status missing",IF(AND($G14="Scheduled",$A14<=AsOfDate),"⚠ Scheduled date reached – mark Received or re-date",IF(AND($G14="Received",$A14>AsOfDate),"Future-dated – added on its date",IF(AND($G14="Received",$A14<SUMIFS(CI_Count,CI_Site,$B14,CI_Mat,$C14)),"Before count date – already in the count","OK"))))))))
D15: =IF($C15="","",IFERROR(INDEX(Mat_Short,MATCH($C15,Mat_Code,0)),"⚠ Unknown code")) | F15: =IF($C15="","",IFERROR(INDEX(Mat_Unit,MATCH($C15,Mat_Code,0)),"")) | K15: =IF(AND($A15="",$B15="",$C15="",$E15=""),"",IF($A15="","⚠ Date missing",IF(OR($B15="",$C15=""),"⚠ Site / material missing",IF(COUNTIFS(CI_Site,$B15,CI_Mat,$C15)=0,"⚠ No Current Inventory row for this site + material",IF($G15="","⚠ Status missing",IF(AND($G15="Scheduled",$A15<=AsOfDate),"⚠ Scheduled date reached – mark Received or re-date",IF(AND($G15="Received",$A15>AsOfDate),"Future-dated – added on its date",IF(AND($G15="Received",$A15<SUMIFS(CI_Count,CI_Site,$B15,CI_Mat,$C15)),"Before count date – already in the count","OK"))))))))
D16: =IF($C16="","",IFERROR(INDEX(Mat_Short,MATCH($C16,Mat_Code,0)),"⚠ Unknown code")) | F16: =IF($C16="","",IFERROR(INDEX(Mat_Unit,MATCH($C16,Mat_Code,0)),"")) | K16: =IF(AND($A16="",$B16="",$C16="",$E16=""),"",IF($A16="","⚠ Date missing",IF(OR($B16="",$C16=""),"⚠ Site / material missing",IF(COUNTIFS(CI_Site,$B16,CI_Mat,$C16)=0,"⚠ No Current Inventory row for this site + material",IF($G16="","⚠ Status missing",IF(AND($G16="Scheduled",$A16<=AsOfDate),"⚠ Scheduled date reached – mark Received or re-date",IF(AND($G16="Received",$A16>AsOfDate),"Future-dated – added on its date",IF(AND($G16="Received",$A16<SUMIFS(CI_Count,CI_Site,$B16,CI_Mat,$C16)),"Before count date – already in the count","OK"))))))))
D17: =IF($C17="","",IFERROR(INDEX(Mat_Short,MATCH($C17,Mat_Code,0)),"⚠ Unknown code")) | F17: =IF($C17="","",IFERROR(INDEX(Mat_Unit,MATCH($C17,Mat_Code,0)),"")) | K17: =IF(AND($A17="",$B17="",$C17="",$E17=""),"",IF($A17="","⚠ Date missing",IF(OR($B17="",$C17=""),"⚠ Site / material missing",IF(COUNTIFS(CI_Site,$B17,CI_Mat,$C17)=0,"⚠ No Current Inventory row for this site + material",IF($G17="","⚠ Status missing",IF(AND($G17="Scheduled",$A17<=AsOfDate),"⚠ Scheduled date reached – mark Received or re-date",IF(AND($G17="Received",$A17>AsOfDate),"Future-dated – added on its date",IF(AND($G17="Received",$A17<SUMIFS(CI_Count,CI_Site,$B17,CI_Mat,$C17)),"Before count date – already in the count","OK"))))))))
... D1005: =IF($C1005="","",IFERROR(INDEX(Mat_Short,MATCH($C1005,Mat_Code,0)),"⚠ Unknown code")) | F1005: =IF($C1005="","",IFERROR(INDEX(Mat_Unit,MATCH($C1005,Mat_Code,0)),"")) | K1005: =IF(AND($A1005="",$B1005="",$C1005="",$E1005=""),"",IF($A1005="","⚠ Date missing",IF(OR($B1005="",$C1005=""),"⚠ Site / material missing",IF(COUNTIFS(CI_Site,$B1005,CI_Mat,$C1005)=0,"⚠ No Current Inventory row for this site + material",IF($G1005="","⚠ Status missing",IF(AND($G1005="Scheduled",$A1005<=AsOfDate),"⚠ Scheduled date reached – mark Received or re-date",IF(AND($G1005="Received",$A1005>AsOfDate),"Future-dated – added on its date",IF(AND($G1005="Received",$A1005<SUMIFS(CI_Count,CI_Site,$B1005,CI_Mat,$C1005)),"Before count date – already in the count","OK"))))))))

Sheet Stock Monitor
A1: 4 · Stock Monitor — Days Remaining & Critical Alerts
A2: Automatic — do not type here. Daily usage = declared m3/day (Production Plan) × mix design; if no plan is declared, the actual average of the last 7 days. Days are working days (Settings).
A3: OK = enough cover · REORDER = cover ≤ lead time + safety stock → order now · CRITICAL = cover ≤ supplier lead time → stock-out before a normal delivery, expedite · OUT OF STOCK = zero stock. Cover counts scheduled deliveries only if they arrive before the stock-out.
A4: ITEM | E4: STOCK | H4: USAGE RATE (per working day) | L4: ON HAND ONLY | N4: SCHEDULED DELIVERIES | R4: LEVELS | U4: STATUS & ACTION | Z4: FOR DASHBOARD (auto)
A5: Site / Project | B5: Code | C5: Material | D5: Unit | E5: Current Stock | F5: Max Capacity | G5: % of Capacity | H5: Planned Use / Day | I5: Actual Avg Use / Day (7 days) | J5: Daily Rate Used | K5: Basis | L5: Days Remaining | M5: Stock-out On (no delivery) | N5: On Order (qty) | O5: Next Delivery | P5: Due Before Stock-out (qty) | Q5: Planning Cover (days) | R5: Lead Time (days) | S5: Safety Stock (days) | T5: Reorder Point (qty) | U5: Status | V5: Reorder By | W5: Critical On | X5: Suggested Order Qty | Y5: Alert / Action | Z5: Reorder By (number) | AA5: Critical On (number) | AB5: Stock-out (number)
A6: =IF(ISNUMBER('Current Inventory'!$J6),'Current Inventory'!$A6,"") | B6: =IF($A6="","",'Current Inventory'!$B6) | C6: =IF($A6="","",'Current Inventory'!$C6) | D6: =IF($A6="","",'Current Inventory'!$D6) | E6: =IF($A6="","",'Current Inventory'!$J6) | F6: =IF($A6="","",N('Current Inventory'!$G6)) | G6: =IF($A6="","",'Current Inventory'!$K6) | H6: =IF($A6="","",IFERROR(SUMIFS(INDEX(PP_Daily,0,MATCH($B6,Mat_Code,0)),PP_Site,$A6),0)) | I6: =IF($A6="","",IFERROR(SUMIFS(INDEX(Con_Use,0,MATCH($B6,Mat_Code,0)),Con_Site,$A6,Con_Date,">"&(AsOfDate-7),Con_Date,"<="&AsOfDate)/MAX(1,NETWORKDAYS.INTL(AsOfDate-6,AsOfDate,WeekendMask,Holidays)),0)) | J6: =IF($A6="","",IF($H6>0,$H6,$I6)) | K6: =IF($A6="","",IF($H6>0,"Plan",IF($I6>0,"Actual 7-day avg","No usage"))) | L6: =IF($A6="","",IF($J6>0,MAX(0,$E6)/$J6,"")) | M6: =IF(OR($A6="",$L6=""),"",IF($E6<=0,"OUT",WORKDAY.INTL(AsOfDate,ROUNDUP($L6,0),WeekendMask,Holidays))) | N6: =IF($A6="","",SUMIFS(Del_Qty,Del_Site,$A6,Del_Mat,$B6,Del_Date,">"&AsOfDate)) | O6: =IF(OR($A6="",N($N6)<=0),"",SUMPRODUCT(MIN((Del_Site=$A6)*(Del_Mat=$B6)*(Del_Date>AsOfDate)*Del_Date+(1-(Del_Site=$A6)*(Del_Mat=$B6)*(Del_Date>AsOfDate))*1000000000))) | P6: =IF($A6="","",IF(ISNUMBER($M6),SUMIFS(Del_Qty,Del_Site,$A6,Del_Mat,$B6,Del_Date,">"&AsOfDate,Del_Date,"<="&$M6),0)) | Q6: =IF(OR($A6="",$J6<=0),"",IF($P6>0,(MAX(0,$E6)+$N6)/$J6,$L6)) | R6: =IF($A6="","",IFERROR(INDEX(Mat_Lead,MATCH($B6,Mat_Code,0)),0)) | S6: =IF($A6="","",IFERROR(INDEX(Mat_Safety,MATCH($B6,Mat_Code,0)),0)) | T6: =IF($A6="","",$J6*($R6+$S6)) | U6: =IF($A6="","",IF($E6<=0,"OUT OF STOCK",IF($J6<=0,"NO USAGE",IF($Q6<=$R6,"CRITICAL",IF($Q6<=$R6+$S6,"REORDER","OK"))))) | V6: =IF(OR($A6="",$U6="NO USAGE"),"",IF(OR($U6="OUT OF STOCK",$Q6<=$R6+$S6),"NOW",WORKDAY.INTL(AsOfDate,INT($Q6-$R6-$S6),WeekendMask,Holidays))) | W6: =IF(OR($A6="",$U6="NO USAGE"),"",IF(OR($U6="OUT OF STOCK",$Q6<=$R6),"NOW",WORKDAY.INTL(AsOfDate,ROUNDUP($Q6-$R6,0),WeekendMask,Holidays))) | X6: =IF($A6="","",IF(OR($U6="CRITICAL",$U6="REORDER",$U6="OUT OF STOCK"),IF($F6>0,ROUNDUP(MAX(0,$F6-MAX(0,MAX(0,$E6)+$N6-$J6*$R6)),0),"Set capacity"),0)) | Y6: =IF($A6="","",IF($U6="OUT OF STOCK","Out of stock – production at risk."&IF($N6>0," Next delivery "&TEXT($O6,"ddd dd-mmm")&": expedite it."," Order and expedite now."),IF($U6="CRITICAL",IF(AND($N6>0,$P6<=0),"URGENT – runs out about "&TEXT($M6,"ddd dd-mmm")&", before the next delivery ("&TEXT($O6,"ddd dd-mmm")&"). Expedite it.","URGENT – runs out about "&TEXT($M6,"ddd dd-mmm")&"; a normal order takes "&$R6&" days. Order and expedite now."),IF($U6="REORDER","Order now (about "&TEXT($X6,"#,##0")&" "&$D6&") – becomes critical "&TEXT($W6,"ddd dd-mmm")&".",IF($U6="NO USAGE","No planned or recent usage.","OK – next order by "&TEXT($V6,"ddd dd-mmm")&IF($N6>0,"; "&TEXT($N6,"#,##0")&" "&$D6&" on order (next "&TEXT($O6,"dd-mmm")&")","")&"."))))) | Z6: =IF(OR($A6="",$V6=""),1000000000,IF($V6="NOW",AsOfDate,$V6)) -> 1000000000 | AA6: =IF(OR($A6="",$W6=""),1000000000,IF($W6="NOW",AsOfDate,$W6)) -> 1000000000 | AB6: =IF(OR($A6="",$M6=""),1000000000,IF($M6="OUT",AsOfDate,$M6)) -> 1000000000
A7: =IF(ISNUMBER('Current Inventory'!$J7),'Current Inventory'!$A7,"") | B7: =IF($A7="","",'Current Inventory'!$B7) | C7: =IF($A7="","",'Current Inventory'!$C7) | D7: =IF($A7="","",'Current Inventory'!$D7) | E7: =IF($A7="","",'Current Inventory'!$J7) | F7: =IF($A7="","",N('Current Inventory'!$G7)) | G7: =IF($A7="","",'Current Inventory'!$K7) | H7: =IF($A7="","",IFERROR(SUMIFS(INDEX(PP_Daily,0,MATCH($B7,Mat_Code,0)),PP_Site,$A7),0)) | I7: =IF($A7="","",IFERROR(SUMIFS(INDEX(Con_Use,0,MATCH($B7,Mat_Code,0)),Con_Site,$A7,Con_Date,">"&(AsOfDate-7),Con_Date,"<="&AsOfDate)/MAX(1,NETWORKDAYS.INTL(AsOfDate-6,AsOfDate,WeekendMask,Holidays)),0)) | J7: =IF($A7="","",IF($H7>0,$H7,$I7)) | K7: =IF($A7="","",IF($H7>0,"Plan",IF($I7>0,"Actual 7-day avg","No usage"))) | L7: =IF($A7="","",IF($J7>0,MAX(0,$E7)/$J7,"")) | M7: =IF(OR($A7="",$L7=""),"",IF($E7<=0,"OUT",WORKDAY.INTL(AsOfDate,ROUNDUP($L7,0),WeekendMask,Holidays))) | N7: =IF($A7="","",SUMIFS(Del_Qty,Del_Site,$A7,Del_Mat,$B7,Del_Date,">"&AsOfDate)) | O7: =IF(OR($A7="",N($N7)<=0),"",SUMPRODUCT(MIN((Del_Site=$A7)*(Del_Mat=$B7)*(Del_Date>AsOfDate)*Del_Date+(1-(Del_Site=$A7)*(Del_Mat=$B7)*(Del_Date>AsOfDate))*1000000000))) | P7: =IF($A7="","",IF(ISNUMBER($M7),SUMIFS(Del_Qty,Del_Site,$A7,Del_Mat,$B7,Del_Date,">"&AsOfDate,Del_Date,"<="&$M7),0)) | Q7: =IF(OR($A7="",$J7<=0),"",IF($P7>0,(MAX(0,$E7)+$N7)/$J7,$L7)) | R7: =IF($A7="","",IFERROR(INDEX(Mat_Lead,MATCH($B7,Mat_Code,0)),0)) | S7: =IF($A7="","",IFERROR(INDEX(Mat_Safety,MATCH($B7,Mat_Code,0)),0)) | T7: =IF($A7="","",$J7*($R7+$S7)) | U7: =IF($A7="","",IF($E7<=0,"OUT OF STOCK",IF($J7<=0,"NO USAGE",IF($Q7<=$R7,"CRITICAL",IF($Q7<=$R7+$S7,"REORDER","OK"))))) | V7: =IF(OR($A7="",$U7="NO USAGE"),"",IF(OR($U7="OUT OF STOCK",$Q7<=$R7+$S7),"NOW",WORKDAY.INTL(AsOfDate,INT($Q7-$R7-$S7),WeekendMask,Holidays))) | W7: =IF(OR($A7="",$U7="NO USAGE"),"",IF(OR($U7="OUT OF STOCK",$Q7<=$R7),"NOW",WORKDAY.INTL(AsOfDate,ROUNDUP($Q7-$R7,0),WeekendMask,Holidays))) | X7: =IF($A7="","",IF(OR($U7="CRITICAL",$U7="REORDER",$U7="OUT OF STOCK"),IF($F7>0,ROUNDUP(MAX(0,$F7-MAX(0,MAX(0,$E7)+$N7-$J7*$R7)),0),"Set capacity"),0)) | Y7: =IF($A7="","",IF($U7="OUT OF STOCK","Out of stock – production at risk."&IF($N7>0," Next delivery "&TEXT($O7,"ddd dd-mmm")&": expedite it."," Order and expedite now."),IF($U7="CRITICAL",IF(AND($N7>0,$P7<=0),"URGENT – runs out about "&TEXT($M7,"ddd dd-mmm")&", before the next delivery ("&TEXT($O7,"ddd dd-mmm")&"). Expedite it.","URGENT – runs out about "&TEXT($M7,"ddd dd-mmm")&"; a normal order takes "&$R7&" days. Order and expedite now."),IF($U7="REORDER","Order now (about "&TEXT($X7,"#,##0")&" "&$D7&") – becomes critical "&TEXT($W7,"ddd dd-mmm")&".",IF($U7="NO USAGE","No planned or recent usage.","OK – next order by "&TEXT($V7,"ddd dd-mmm")&IF($N7>0,"; "&TEXT($N7,"#,##0")&" "&$D7&" on order (next "&TEXT($O7,"dd-mmm")&")","")&"."))))) | Z7: =IF(OR($A7="",$V7=""),1000000000,IF($V7="NOW",AsOfDate,$V7)) -> 1000000000 | AA7: =IF(OR($A7="",$W7=""),1000000000,IF($W7="NOW",AsOfDate,$W7)) -> 1000000000 | AB7: =IF(OR($A7="",$M7=""),1000000000,IF($M7="OUT",AsOfDate,$M7)) -> 1000000000
A8: =IF(ISNUMBER('Current Inventory'!$J8),'Current Inventory'!$A8,"") | B8: =IF($A8="","",'Current Inventory'!$B8) | C8: =IF($A8="","",'Current Inventory'!$C8) | D8: =IF($A8="","",'Current Inventory'!$D8) | E8: =IF($A8="","",'Current Inventory'!$J8) | F8: =IF($A8="","",N('Current Inventory'!$G8)) | G8: =IF($A8="","",'Current Inventory'!$K8) | H8: =IF($A8="","",IFERROR(SUMIFS(INDEX(PP_Daily,0,MATCH($B8,Mat_Code,0)),PP_Site,$A8),0)) | I8: =IF($A8="","",IFERROR(SUMIFS(INDEX(Con_Use,0,MATCH($B8,Mat_Code,0)),Con_Site,$A8,Con_Date,">"&(AsOfDate-7),Con_Date,"<="&AsOfDate)/MAX(1,NETWORKDAYS.INTL(AsOfDate-6,AsOfDate,WeekendMask,Holidays)),0)) | J8: =IF($A8="","",IF($H8>0,$H8,$I8)) | K8: =IF($A8="","",IF($H8>0,"Plan",IF($I8>0,"Actual 7-day avg","No usage"))) | L8: =IF($A8="","",IF($J8>0,MAX(0,$E8)/$J8,"")) | M8: =IF(OR($A8="",$L8=""),"",IF($E8<=0,"OUT",WORKDAY.INTL(AsOfDate,ROUNDUP($L8,0),WeekendMask,Holidays))) | N8: =IF($A8="","",SUMIFS(Del_Qty,Del_Site,$A8,Del_Mat,$B8,Del_Date,">"&AsOfDate)) | O8: =IF(OR($A8="",N($N8)<=0),"",SUMPRODUCT(MIN((Del_Site=$A8)*(Del_Mat=$B8)*(Del_Date>AsOfDate)*Del_Date+(1-(Del_Site=$A8)*(Del_Mat=$B8)*(Del_Date>AsOfDate))*1000000000))) | P8: =IF($A8="","",IF(ISNUMBER($M8),SUMIFS(Del_Qty,Del_Site,$A8,Del_Mat,$B8,Del_Date,">"&AsOfDate,Del_Date,"<="&$M8),0)) | Q8: =IF(OR($A8="",$J8<=0),"",IF($P8>0,(MAX(0,$E8)+$N8)/$J8,$L8)) | R8: =IF($A8="","",IFERROR(INDEX(Mat_Lead,MATCH($B8,Mat_Code,0)),0)) | S8: =IF($A8="","",IFERROR(INDEX(Mat_Safety,MATCH($B8,Mat_Code,0)),0)) | T8: =IF($A8="","",$J8*($R8+$S8)) | U8: =IF($A8="","",IF($E8<=0,"OUT OF STOCK",IF($J8<=0,"NO USAGE",IF($Q8<=$R8,"CRITICAL",IF($Q8<=$R8+$S8,"REORDER","OK"))))) | V8: =IF(OR($A8="",$U8="NO USAGE"),"",IF(OR($U8="OUT OF STOCK",$Q8<=$R8+$S8),"NOW",WORKDAY.INTL(AsOfDate,INT($Q8-$R8-$S8),WeekendMask,Holidays))) | W8: =IF(OR($A8="",$U8="NO USAGE"),"",IF(OR($U8="OUT OF STOCK",$Q8<=$R8),"NOW",WORKDAY.INTL(AsOfDate,ROUNDUP($Q8-$R8,0),WeekendMask,Holidays))) | X8: =IF($A8="","",IF(OR($U8="CRITICAL",$U8="REORDER",$U8="OUT OF STOCK"),IF($F8>0,ROUNDUP(MAX(0,$F8-MAX(0,MAX(0,$E8)+$N8-$J8*$R8)),0),"Set capacity"),0)) | Y8: =IF($A8="","",IF($U8="OUT OF STOCK","Out of stock – production at risk."&IF($N8>0," Next delivery "&TEXT($O8,"ddd dd-mmm")&": expedite it."," Order and expedite now."),IF($U8="CRITICAL",IF(AND($N8>0,$P8<=0),"URGENT – runs out about "&TEXT($M8,"ddd dd-mmm")&", before the next delivery ("&TEXT($O8,"ddd dd-mmm")&"). Expedite it.","URGENT – runs out about "&TEXT($M8,"ddd dd-mmm")&"; a normal order takes "&$R8&" days. Order and expedite now."),IF($U8="REORDER","Order now (about "&TEXT($X8,"#,##0")&" "&$D8&") – becomes critical "&TEXT($W8,"ddd dd-mmm")&".",IF($U8="NO USAGE","No planned or recent usage.","OK – next order by "&TEXT($V8,"ddd dd-mmm")&IF($N8>0,"; "&TEXT($N8,"#,##0")&" "&$D8&" on order (next "&TEXT($O8,"dd-mmm")&")","")&"."))))) | Z8: =IF(OR($A8="",$V8=""),1000000000,IF($V8="NOW",AsOfDate,$V8)) -> 1000000000 | AA8: =IF(OR($A8="",$W8=""),1000000000,IF($W8="NOW",AsOfDate,$W8)) -> 1000000000 | AB8: =IF(OR($A8="",$M8=""),1000000000,IF($M8="OUT",AsOfDate,$M8)) -> 1000000000
A9: =IF(ISNUMBER('Current Inventory'!$J9),'Current Inventory'!$A9,"") | B9: =IF($A9="","",'Current Inventory'!$B9) | C9: =IF($A9="","",'Current Inventory'!$C9) | D9: =IF($A9="","",'Current Inventory'!$D9) | E9: =IF($A9="","",'Current Inventory'!$J9) | F9: =IF($A9="","",N('Current Inventory'!$G9)) | G9: =IF($A9="","",'Current Inventory'!$K9) | H9: =IF($A9="","",IFERROR(SUMIFS(INDEX(PP_Daily,0,MATCH($B9,Mat_Code,0)),PP_Site,$A9),0)) | I9: =IF($A9="","",IFERROR(SUMIFS(INDEX(Con_Use,0,MATCH($B9,Mat_Code,0)),Con_Site,$A9,Con_Date,">"&(AsOfDate-7),Con_Date,"<="&AsOfDate)/MAX(1,NETWORKDAYS.INTL(AsOfDate-6,AsOfDate,WeekendMask,Holidays)),0)) | J9: =IF($A9="","",IF($H9>0,$H9,$I9)) | K9: =IF($A9="","",IF($H9>0,"Plan",IF($I9>0,"Actual 7-day avg","No usage"))) | L9: =IF($A9="","",IF($J9>0,MAX(0,$E9)/$J9,"")) | M9: =IF(OR($A9="",$L9=""),"",IF($E9<=0,"OUT",WORKDAY.INTL(AsOfDate,ROUNDUP($L9,0),WeekendMask,Holidays))) | N9: =IF($A9="","",SUMIFS(Del_Qty,Del_Site,$A9,Del_Mat,$B9,Del_Date,">"&AsOfDate)) | O9: =IF(OR($A9="",N($N9)<=0),"",SUMPRODUCT(MIN((Del_Site=$A9)*(Del_Mat=$B9)*(Del_Date>AsOfDate)*Del_Date+(1-(Del_Site=$A9)*(Del_Mat=$B9)*(Del_Date>AsOfDate))*1000000000))) | P9: =IF($A9="","",IF(ISNUMBER($M9),SUMIFS(Del_Qty,Del_Site,$A9,Del_Mat,$B9,Del_Date,">"&AsOfDate,Del_Date,"<="&$M9),0)) | Q9: =IF(OR($A9="",$J9<=0),"",IF($P9>0,(MAX(0,$E9)+$N9)/$J9,$L9)) | R9: =IF($A9="","",IFERROR(INDEX(Mat_Lead,MATCH($B9,Mat_Code,0)),0)) | S9: =IF($A9="","",IFERROR(INDEX(Mat_Safety,MATCH($B9,Mat_Code,0)),0)) | T9: =IF($A9="","",$J9*($R9+$S9)) | U9: =IF($A9="","",IF($E9<=0,"OUT OF STOCK",IF($J9<=0,"NO USAGE",IF($Q9<=$R9,"CRITICAL",IF($Q9<=$R9+$S9,"REORDER","OK"))))) | V9: =IF(OR($A9="",$U9="NO USAGE"),"",IF(OR($U9="OUT OF STOCK",$Q9<=$R9+$S9),"NOW",WORKDAY.INTL(AsOfDate,INT($Q9-$R9-$S9),WeekendMask,Holidays))) | W9: =IF(OR($A9="",$U9="NO USAGE"),"",IF(OR($U9="OUT OF STOCK",$Q9<=$R9),"NOW",WORKDAY.INTL(AsOfDate,ROUNDUP($Q9-$R9,0),WeekendMask,Holidays))) | X9: =IF($A9="","",IF(OR($U9="CRITICAL",$U9="REORDER",$U9="OUT OF STOCK"),IF($F9>0,ROUNDUP(MAX(0,$F9-MAX(0,MAX(0,$E9)+$N9-$J9*$R9)),0),"Set capacity"),0)) | Y9: =IF($A9="","",IF($U9="OUT OF STOCK","Out of stock – production at risk."&IF($N9>0," Next delivery "&TEXT($O9,"ddd dd-mmm")&": expedite it."," Order and expedite now."),IF($U9="CRITICAL",IF(AND($N9>0,$P9<=0),"URGENT – runs out about "&TEXT($M9,"ddd dd-mmm")&", before the next delivery ("&TEXT($O9,"ddd dd-mmm")&"). Expedite it.","URGENT – runs out about "&TEXT($M9,"ddd dd-mmm")&"; a normal order takes "&$R9&" days. Order and expedite now."),IF($U9="REORDER","Order now (about "&TEXT($X9,"#,##0")&" "&$D9&") – becomes critical "&TEXT($W9,"ddd dd-mmm")&".",IF($U9="NO USAGE","No planned or recent usage.","OK – next order by "&TEXT($V9,"ddd dd-mmm")&IF($N9>0,"; "&TEXT($N9,"#,##0")&" "&$D9&" on order (next "&TEXT($O9,"dd-mmm")&")","")&"."))))) | Z9: =IF(OR($A9="",$V9=""),1000000000,IF($V9="NOW",AsOfDate,$V9)) -> 1000000000 | AA9: =IF(OR($A9="",$W9=""),1000000000,IF($W9="NOW",AsOfDate,$W9)) -> 1000000000 | AB9: =IF(OR($A9="",$M9=""),1000000000,IF($M9="OUT",AsOfDate,$M9)) -> 1000000000
A10: =IF(ISNUMBER('Current Inventory'!$J10),'Current Inventory'!$A10,"") | B10: =IF($A10="","",'Current Inventory'!$B10) | C10: =IF($A10="","",'Current Inventory'!$C10) | D10: =IF($A10="","",'Current Inventory'!$D10) | E10: =IF($A10="","",'Current Inventory'!$J10) | F10: =IF($A10="","",N('Current Inventory'!$G10)) | G10: =IF($A10="","",'Current Inventory'!$K10) | H10: =IF($A10="","",IFERROR(SUMIFS(INDEX(PP_Daily,0,MATCH($B10,Mat_Code,0)),PP_Site,$A10),0)) | I10: =IF($A10="","",IFERROR(SUMIFS(INDEX(Con_Use,0,MATCH($B10,Mat_Code,0)),Con_Site,$A10,Con_Date,">"&(AsOfDate-7),Con_Date,"<="&AsOfDate)/MAX(1,NETWORKDAYS.INTL(AsOfDate-6,AsOfDate,WeekendMask,Holidays)),0)) | J10: =IF($A10="","",IF($H10>0,$H10,$I10)) | K10: =IF($A10="","",IF($H10>0,"Plan",IF($I10>0,"Actual 7-day avg","No usage"))) | L10: =IF($A10="","",IF($J10>0,MAX(0,$E10)/$J10,"")) | M10: =IF(OR($A10="",$L10=""),"",IF($E10<=0,"OUT",WORKDAY.INTL(AsOfDate,ROUNDUP($L10,0),WeekendMask,Holidays))) | N10: =IF($A10="","",SUMIFS(Del_Qty,Del_Site,$A10,Del_Mat,$B10,Del_Date,">"&AsOfDate)) | O10: =IF(OR($A10="",N($N10)<=0),"",SUMPRODUCT(MIN((Del_Site=$A10)*(Del_Mat=$B10)*(Del_Date>AsOfDate)*Del_Date+(1-(Del_Site=$A10)*(Del_Mat=$B10)*(Del_Date>AsOfDate))*1000000000))) | P10: =IF($A10="","",IF(ISNUMBER($M10),SUMIFS(Del_Qty,Del_Site,$A10,Del_Mat,$B10,Del_Date,">"&AsOfDate,Del_Date,"<="&$M10),0)) | Q10: =IF(OR($A10="",$J10<=0),"",IF($P10>0,(MAX(0,$E10)+$N10)/$J10,$L10)) | R10: =IF($A10="","",IFERROR(INDEX(Mat_Lead,MATCH($B10,Mat_Code,0)),0)) | S10: =IF($A10="","",IFERROR(INDEX(Mat_Safety,MATCH($B10,Mat_Code,0)),0)) | T10: =IF($A10="","",$J10*($R10+$S10)) | U10: =IF($A10="","",IF($E10<=0,"OUT OF STOCK",IF($J10<=0,"NO USAGE",IF($Q10<=$R10,"CRITICAL",IF($Q10<=$R10+$S10,"REORDER","OK"))))) | V10: =IF(OR($A10="",$U10="NO USAGE"),"",IF(OR($U10="OUT OF STOCK",$Q10<=$R10+$S10),"NOW",WORKDAY.INTL(AsOfDate,INT($Q10-$R10-$S10),WeekendMask,Holidays))) | W10: =IF(OR($A10="",$U10="NO USAGE"),"",IF(OR($U10="OUT OF STOCK",$Q10<=$R10),"NOW",WORKDAY.INTL(AsOfDate,ROUNDUP($Q10-$R10,0),WeekendMask,Holidays))) | X10: =IF($A10="","",IF(OR($U10="CRITICAL",$U10="REORDER",$U10="OUT OF STOCK"),IF($F10>0,ROUNDUP(MAX(0,$F10-MAX(0,MAX(0,$E10)+$N10-$J10*$R10)),0),"Set capacity"),0)) | Y10: =IF($A10="","",IF($U10="OUT OF STOCK","Out of stock – production at risk."&IF($N10>0," Next delivery "&TEXT($O10,"ddd dd-mmm")&": expedite it."," Order and expedite now."),IF($U10="CRITICAL",IF(AND($N10>0,$P10<=0),"URGENT – runs out about "&TEXT($M10,"ddd dd-mmm")&", before the next delivery ("&TEXT($O10,"ddd dd-mmm")&"). Expedite it.","URGENT – runs out about "&TEXT($M10,"ddd dd-mmm")&"; a normal order takes "&$R10&" days. Order and expedite now."),IF($U10="REORDER","Order now (about "&TEXT($X10,"#,##0")&" "&$D10&") – becomes critical "&TEXT($W10,"ddd dd-mmm")&".",IF($U10="NO USAGE","No planned or recent usage.","OK – next order by "&TEXT($V10,"ddd dd-mmm")&IF($N10>0,"; "&TEXT($N10,"#,##0")&" "&$D10&" on order (next "&TEXT($O10,"dd-mmm")&")","")&"."))))) | Z10: =IF(OR($A10="",$V10=""),1000000000,IF($V10="NOW",AsOfDate,$V10)) -> 1000000000 | AA10: =IF(OR($A10="",$W10=""),1000000000,IF($W10="NOW",AsOfDate,$W10)) -> 1000000000 | AB10: =IF(OR($A10="",$M10=""),1000000000,IF($M10="OUT",AsOfDate,$M10)) -> 1000000000
A11: =IF(ISNUMBER('Current Inventory'!$J11),'Current Inventory'!$A11,"") | B11: =IF($A11="","",'Current Inventory'!$B11) | C11: =IF($A11="","",'Current Inventory'!$C11) | D11: =IF($A11="","",'Current Inventory'!$D11) | E11: =IF($A11="","",'Current Inventory'!$J11) | F11: =IF($A11="","",N('Current Inventory'!$G11)) | G11: =IF($A11="","",'Current Inventory'!$K11) | H11: =IF($A11="","",IFERROR(SUMIFS(INDEX(PP_Daily,0,MATCH($B11,Mat_Code,0)),PP_Site,$A11),0)) | I11: =IF($A11="","",IFERROR(SUMIFS(INDEX(Con_Use,0,MATCH($B11,Mat_Code,0)),Con_Site,$A11,Con_Date,">"&(AsOfDate-7),Con_Date,"<="&AsOfDate)/MAX(1,NETWORKDAYS.INTL(AsOfDate-6,AsOfDate,WeekendMask,Holidays)),0)) | J11: =IF($A11="","",IF($H11>0,$H11,$I11)) | K11: =IF($A11="","",IF($H11>0,"Plan",IF($I11>0,"Actual 7-day avg","No usage"))) | L11: =IF($A11="","",IF($J11>0,MAX(0,$E11)/$J11,"")) | M11: =IF(OR($A11="",$L11=""),"",IF($E11<=0,"OUT",WORKDAY.INTL(AsOfDate,ROUNDUP($L11,0),WeekendMask,Holidays))) | N11: =IF($A11="","",SUMIFS(Del_Qty,Del_Site,$A11,Del_Mat,$B11,Del_Date,">"&AsOfDate)) | O11: =IF(OR($A11="",N($N11)<=0),"",SUMPRODUCT(MIN((Del_Site=$A11)*(Del_Mat=$B11)*(Del_Date>AsOfDate)*Del_Date+(1-(Del_Site=$A11)*(Del_Mat=$B11)*(Del_Date>AsOfDate))*1000000000))) | P11: =IF($A11="","",IF(ISNUMBER($M11),SUMIFS(Del_Qty,Del_Site,$A11,Del_Mat,$B11,Del_Date,">"&AsOfDate,Del_Date,"<="&$M11),0)) | Q11: =IF(OR($A11="",$J11<=0),"",IF($P11>0,(MAX(0,$E11)+$N11)/$J11,$L11)) | R11: =IF($A11="","",IFERROR(INDEX(Mat_Lead,MATCH($B11,Mat_Code,0)),0)) | S11: =IF($A11="","",IFERROR(INDEX(Mat_Safety,MATCH($B11,Mat_Code,0)),0)) | T11: =IF($A11="","",$J11*($R11+$S11)) | U11: =IF($A11="","",IF($E11<=0,"OUT OF STOCK",IF($J11<=0,"NO USAGE",IF($Q11<=$R11,"CRITICAL",IF($Q11<=$R11+$S11,"REORDER","OK"))))) | V11: =IF(OR($A11="",$U11="NO USAGE"),"",IF(OR($U11="OUT OF STOCK",$Q11<=$R11+$S11),"NOW",WORKDAY.INTL(AsOfDate,INT($Q11-$R11-$S11),WeekendMask,Holidays))) | W11: =IF(OR($A11="",$U11="NO USAGE"),"",IF(OR($U11="OUT OF STOCK",$Q11<=$R11),"NOW",WORKDAY.INTL(AsOfDate,ROUNDUP($Q11-$R11,0),WeekendMask,Holidays))) | X11: =IF($A11="","",IF(OR($U11="CRITICAL",$U11="REORDER",$U11="OUT OF STOCK"),IF($F11>0,ROUNDUP(MAX(0,$F11-MAX(0,MAX(0,$E11)+$N11-$J11*$R11)),0),"Set capacity"),0)) | Y11: =IF($A11="","",IF($U11="OUT OF STOCK","Out of stock – production at risk."&IF($N11>0," Next delivery "&TEXT($O11,"ddd dd-mmm")&": expedite it."," Order and expedite now."),IF($U11="CRITICAL",IF(AND($N11>0,$P11<=0),"URGENT – runs out about "&TEXT($M11,"ddd dd-mmm")&", before the next delivery ("&TEXT($O11,"ddd dd-mmm")&"). Expedite it.","URGENT – runs out about "&TEXT($M11,"ddd dd-mmm")&"; a normal order takes "&$R11&" days. Order and expedite now."),IF($U11="REORDER","Order now (about "&TEXT($X11,"#,##0")&" "&$D11&") – becomes critical "&TEXT($W11,"ddd dd-mmm")&".",IF($U11="NO USAGE","No planned or recent usage.","OK – next order by "&TEXT($V11,"ddd dd-mmm")&IF($N11>0,"; "&TEXT($N11,"#,##0")&" "&$D11&" on order (next "&TEXT($O11,"dd-mmm")&")","")&"."))))) | Z11: =IF(OR($A11="",$V11=""),1000000000,IF($V11="NOW",AsOfDate,$V11)) -> 1000000000 | AA11: =IF(OR($A11="",$W11=""),1000000000,IF($W11="NOW",AsOfDate,$W11)) -> 1000000000 | AB11: =IF(OR($A11="",$M11=""),1000000000,IF($M11="OUT",AsOfDate,$M11)) -> 1000000000
A12: =IF(ISNUMBER('Current Inventory'!$J12),'Current Inventory'!$A12,"") | B12: =IF($A12="","",'Current Inventory'!$B12) | C12: =IF($A12="","",'Current Inventory'!$C12) | D12: =IF($A12="","",'Current Inventory'!$D12) | E12: =IF($A12="","",'Current Inventory'!$J12) | F12: =IF($A12="","",N('Current Inventory'!$G12)) | G12: =IF($A12="","",'Current Inventory'!$K12) | H12: =IF($A12="","",IFERROR(SUMIFS(INDEX(PP_Daily,0,MATCH($B12,Mat_Code,0)),PP_Site,$A12),0)) | I12: =IF($A12="","",IFERROR(SUMIFS(INDEX(Con_Use,0,MATCH($B12,Mat_Code,0)),Con_Site,$A12,Con_Date,">"&(AsOfDate-7),Con_Date,"<="&AsOfDate)/MAX(1,NETWORKDAYS.INTL(AsOfDate-6,AsOfDate,WeekendMask,Holidays)),0)) | J12: =IF($A12="","",IF($H12>0,$H12,$I12)) | K12: =IF($A12="","",IF($H12>0,"Plan",IF($I12>0,"Actual 7-day avg","No usage"))) | L12: =IF($A12="","",IF($J12>0,MAX(0,$E12)/$J12,"")) | M12: =IF(OR($A12="",$L12=""),"",IF($E12<=0,"OUT",WORKDAY.INTL(AsOfDate,ROUNDUP($L12,0),WeekendMask,Holidays))) | N12: =IF($A12="","",SUMIFS(Del_Qty,Del_Site,$A12,Del_Mat,$B12,Del_Date,">"&AsOfDate)) | O12: =IF(OR($A12="",N($N12)<=0),"",SUMPRODUCT(MIN((Del_Site=$A12)*(Del_Mat=$B12)*(Del_Date>AsOfDate)*Del_Date+(1-(Del_Site=$A12)*(Del_Mat=$B12)*(Del_Date>AsOfDate))*1000000000))) | P12: =IF($A12="","",IF(ISNUMBER($M12),SUMIFS(Del_Qty,Del_Site,$A12,Del_Mat,$B12,Del_Date,">"&AsOfDate,Del_Date,"<="&$M12),0)) | Q12: =IF(OR($A12="",$J12<=0),"",IF($P12>0,(MAX(0,$E12)+$N12)/$J12,$L12)) | R12: =IF($A12="","",IFERROR(INDEX(Mat_Lead,MATCH($B12,Mat_Code,0)),0)) | S12: =IF($A12="","",IFERROR(INDEX(Mat_Safety,MATCH($B12,Mat_Code,0)),0)) | T12: =IF($A12="","",$J12*($R12+$S12)) | U12: =IF($A12="","",IF($E12<=0,"OUT OF STOCK",IF($J12<=0,"NO USAGE",IF($Q12<=$R12,"CRITICAL",IF($Q12<=$R12+$S12,"REORDER","OK"))))) | V12: =IF(OR($A12="",$U12="NO USAGE"),"",IF(OR($U12="OUT OF STOCK",$Q12<=$R12+$S12),"NOW",WORKDAY.INTL(AsOfDate,INT($Q12-$R12-$S12),WeekendMask,Holidays))) | W12: =IF(OR($A12="",$U12="NO USAGE"),"",IF(OR($U12="OUT OF STOCK",$Q12<=$R12),"NOW",WORKDAY.INTL(AsOfDate,ROUNDUP($Q12-$R12,0),WeekendMask,Holidays))) | X12: =IF($A12="","",IF(OR($U12="CRITICAL",$U12="REORDER",$U12="OUT OF STOCK"),IF($F12>0,ROUNDUP(MAX(0,$F12-MAX(0,MAX(0,$E12)+$N12-$J12*$R12)),0),"Set capacity"),0)) | Y12: =IF($A12="","",IF($U12="OUT OF STOCK","Out of stock – production at risk."&IF($N12>0," Next delivery "&TEXT($O12,"ddd dd-mmm")&": expedite it."," Order and expedite now."),IF($U12="CRITICAL",IF(AND($N12>0,$P12<=0),"URGENT – runs out about "&TEXT($M12,"ddd dd-mmm")&", before the next delivery ("&TEXT($O12,"ddd dd-mmm")&"). Expedite it.","URGENT – runs out about "&TEXT($M12,"ddd dd-mmm")&"; a normal order takes "&$R12&" days. Order and expedite now."),IF($U12="REORDER","Order now (about "&TEXT($X12,"#,##0")&" "&$D12&") – becomes critical "&TEXT($W12,"ddd dd-mmm")&".",IF($U12="NO USAGE","No planned or recent usage.","OK – next order by "&TEXT($V12,"ddd dd-mmm")&IF($N12>0,"; "&TEXT($N12,"#,##0")&" "&$D12&" on order (next "&TEXT($O12,"dd-mmm")&")","")&"."))))) | Z12: =IF(OR($A12="",$V12=""),1000000000,IF($V12="NOW",AsOfDate,$V12)) -> 1000000000 | AA12: =IF(OR($A12="",$W12=""),1000000000,IF($W12="NOW",AsOfDate,$W12)) -> 1000000000 | AB12: =IF(OR($A12="",$M12=""),1000000000,IF($M12="OUT",AsOfDate,$M12)) -> 1000000000
A13: =IF(ISNUMBER('Current Inventory'!$J13),'Current Inventory'!$A13,"") | B13: =IF($A13="","",'Current Inventory'!$B13) | C13: =IF($A13="","",'Current Inventory'!$C13) | D13: =IF($A13="","",'Current Inventory'!$D13) | E13: =IF($A13="","",'Current Inventory'!$J13) | F13: =IF($A13="","",N('Current Inventory'!$G13)) | G13: =IF($A13="","",'Current Inventory'!$K13) | H13: =IF($A13="","",IFERROR(SUMIFS(INDEX(PP_Daily,0,MATCH($B13,Mat_Code,0)),PP_Site,$A13),0)) | I13: =IF($A13="","",IFERROR(SUMIFS(INDEX(Con_Use,0,MATCH($B13,Mat_Code,0)),Con_Site,$A13,Con_Date,">"&(AsOfDate-7),Con_Date,"<="&AsOfDate)/MAX(1,NETWORKDAYS.INTL(AsOfDate-6,AsOfDate,WeekendMask,Holidays)),0)) | J13: =IF($A13="","",IF($H13>0,$H13,$I13)) | K13: =IF($A13="","",IF($H13>0,"Plan",IF($I13>0,"Actual 7-day avg","No usage"))) | L13: =IF($A13="","",IF($J13>0,MAX(0,$E13)/$J13,"")) | M13: =IF(OR($A13="",$L13=""),"",IF($E13<=0,"OUT",WORKDAY.INTL(AsOfDate,ROUNDUP($L13,0),WeekendMask,Holidays))) | N13: =IF($A13="","",SUMIFS(Del_Qty,Del_Site,$A13,Del_Mat,$B13,Del_Date,">"&AsOfDate)) | O13: =IF(OR($A13="",N($N13)<=0),"",SUMPRODUCT(MIN((Del_Site=$A13)*(Del_Mat=$B13)*(Del_Date>AsOfDate)*Del_Date+(1-(Del_Site=$A13)*(Del_Mat=$B13)*(Del_Date>AsOfDate))*1000000000))) | P13: =IF($A13="","",IF(ISNUMBER($M13),SUMIFS(Del_Qty,Del_Site,$A13,Del_Mat,$B13,Del_Date,">"&AsOfDate,Del_Date,"<="&$M13),0)) | Q13: =IF(OR($A13="",$J13<=0),"",IF($P13>0,(MAX(0,$E13)+$N13)/$J13,$L13)) | R13: =IF($A13="","",IFERROR(INDEX(Mat_Lead,MATCH($B13,Mat_Code,0)),0)) | S13: =IF($A13="","",IFERROR(INDEX(Mat_Safety,MATCH($B13,Mat_Code,0)),0)) | T13: =IF($A13="","",$J13*($R13+$S13)) | U13: =IF($A13="","",IF($E13<=0,"OUT OF STOCK",IF($J13<=0,"NO USAGE",IF($Q13<=$R13,"CRITICAL",IF($Q13<=$R13+$S13,"REORDER","OK"))))) | V13: =IF(OR($A13="",$U13="NO USAGE"),"",IF(OR($U13="OUT OF STOCK",$Q13<=$R13+$S13),"NOW",WORKDAY.INTL(AsOfDate,INT($Q13-$R13-$S13),WeekendMask,Holidays))) | W13: =IF(OR($A13="",$U13="NO USAGE"),"",IF(OR($U13="OUT OF STOCK",$Q13<=$R13),"NOW",WORKDAY.INTL(AsOfDate,ROUNDUP($Q13-$R13,0),WeekendMask,Holidays))) | X13: =IF($A13="","",IF(OR($U13="CRITICAL",$U13="REORDER",$U13="OUT OF STOCK"),IF($F13>0,ROUNDUP(MAX(0,$F13-MAX(0,MAX(0,$E13)+$N13-$J13*$R13)),0),"Set capacity"),0)) | Y13: =IF($A13="","",IF($U13="OUT OF STOCK","Out of stock – production at risk."&IF($N13>0," Next delivery "&TEXT($O13,"ddd dd-mmm")&": expedite it."," Order and expedite now."),IF($U13="CRITICAL",IF(AND($N13>0,$P13<=0),"URGENT – runs out about "&TEXT($M13,"ddd dd-mmm")&", before the next delivery ("&TEXT($O13,"ddd dd-mmm")&"). Expedite it.","URGENT – runs out about "&TEXT($M13,"ddd dd-mmm")&"; a normal order takes "&$R13&" days. Order and expedite now."),IF($U13="REORDER","Order now (about "&TEXT($X13,"#,##0")&" "&$D13&") – becomes critical "&TEXT($W13,"ddd dd-mmm")&".",IF($U13="NO USAGE","No planned or recent usage.","OK – next order by "&TEXT($V13,"ddd dd-mmm")&IF($N13>0,"; "&TEXT($N13,"#,##0")&" "&$D13&" on order (next "&TEXT($O13,"dd-mmm")&")","")&"."))))) | Z13: =IF(OR($A13="",$V13=""),1000000000,IF($V13="NOW",AsOfDate,$V13)) -> 1000000000 | AA13: =IF(OR($A13="",$W13=""),1000000000,IF($W13="NOW",AsOfDate,$W13)) -> 1000000000 | AB13: =IF(OR($A13="",$M13=""),1000000000,IF($M13="OUT",AsOfDate,$M13)) -> 1000000000
A14: =IF(ISNUMBER('Current Inventory'!$J14),'Current Inventory'!$A14,"") | B14: =IF($A14="","",'Current Inventory'!$B14) | C14: =IF($A14="","",'Current Inventory'!$C14) | D14: =IF($A14="","",'Current Inventory'!$D14) | E14: =IF($A14="","",'Current Inventory'!$J14) | F14: =IF($A14="","",N('Current Inventory'!$G14)) | G14: =IF($A14="","",'Current Inventory'!$K14) | H14: =IF($A14="","",IFERROR(SUMIFS(INDEX(PP_Daily,0,MATCH($B14,Mat_Code,0)),PP_Site,$A14),0)) | I14: =IF($A14="","",IFERROR(SUMIFS(INDEX(Con_Use,0,MATCH($B14,Mat_Code,0)),Con_Site,$A14,Con_Date,">"&(AsOfDate-7),Con_Date,"<="&AsOfDate)/MAX(1,NETWORKDAYS.INTL(AsOfDate-6,AsOfDate,WeekendMask,Holidays)),0)) | J14: =IF($A14="","",IF($H14>0,$H14,$I14)) | K14: =IF($A14="","",IF($H14>0,"Plan",IF($I14>0,"Actual 7-day avg","No usage"))) | L14: =IF($A14="","",IF($J14>0,MAX(0,$E14)/$J14,"")) | M14: =IF(OR($A14="",$L14=""),"",IF($E14<=0,"OUT",WORKDAY.INTL(AsOfDate,ROUNDUP($L14,0),WeekendMask,Holidays))) | N14: =IF($A14="","",SUMIFS(Del_Qty,Del_Site,$A14,Del_Mat,$B14,Del_Date,">"&AsOfDate)) | O14: =IF(OR($A14="",N($N14)<=0),"",SUMPRODUCT(MIN((Del_Site=$A14)*(Del_Mat=$B14)*(Del_Date>AsOfDate)*Del_Date+(1-(Del_Site=$A14)*(Del_Mat=$B14)*(Del_Date>AsOfDate))*1000000000))) | P14: =IF($A14="","",IF(ISNUMBER($M14),SUMIFS(Del_Qty,Del_Site,$A14,Del_Mat,$B14,Del_Date,">"&AsOfDate,Del_Date,"<="&$M14),0)) | Q14: =IF(OR($A14="",$J14<=0),"",IF($P14>0,(MAX(0,$E14)+$N14)/$J14,$L14)) | R14: =IF($A14="","",IFERROR(INDEX(Mat_Lead,MATCH($B14,Mat_Code,0)),0)) | S14: =IF($A14="","",IFERROR(INDEX(Mat_Safety,MATCH($B14,Mat_Code,0)),0)) | T14: =IF($A14="","",$J14*($R14+$S14)) | U14: =IF($A14="","",IF($E14<=0,"OUT OF STOCK",IF($J14<=0,"NO USAGE",IF($Q14<=$R14,"CRITICAL",IF($Q14<=$R14+$S14,"REORDER","OK"))))) | V14: =IF(OR($A14="",$U14="NO USAGE"),"",IF(OR($U14="OUT OF STOCK",$Q14<=$R14+$S14),"NOW",WORKDAY.INTL(AsOfDate,INT($Q14-$R14-$S14),WeekendMask,Holidays))) | W14: =IF(OR($A14="",$U14="NO USAGE"),"",IF(OR($U14="OUT OF STOCK",$Q14<=$R14),"NOW",WORKDAY.INTL(AsOfDate,ROUNDUP($Q14-$R14,0),WeekendMask,Holidays))) | X14: =IF($A14="","",IF(OR($U14="CRITICAL",$U14="REORDER",$U14="OUT OF STOCK"),IF($F14>0,ROUNDUP(MAX(0,$F14-MAX(0,MAX(0,$E14)+$N14-$J14*$R14)),0),"Set capacity"),0)) | Y14: =IF($A14="","",IF($U14="OUT OF STOCK","Out of stock – production at risk."&IF($N14>0," Next delivery "&TEXT($O14,"ddd dd-mmm")&": expedite it."," Order and expedite now."),IF($U14="CRITICAL",IF(AND($N14>0,$P14<=0),"URGENT – runs out about "&TEXT($M14,"ddd dd-mmm")&", before the next delivery ("&TEXT($O14,"ddd dd-mmm")&"). Expedite it.","URGENT – runs out about "&TEXT($M14,"ddd dd-mmm")&"; a normal order takes "&$R14&" days. Order and expedite now."),IF($U14="REORDER","Order now (about "&TEXT($X14,"#,##0")&" "&$D14&") – becomes critical "&TEXT($W14,"ddd dd-mmm")&".",IF($U14="NO USAGE","No planned or recent usage.","OK – next order by "&TEXT($V14,"ddd dd-mmm")&IF($N14>0,"; "&TEXT($N14,"#,##0")&" "&$D14&" on order (next "&TEXT($O14,"dd-mmm")&")","")&"."))))) | Z14: =IF(OR($A14="",$V14=""),1000000000,IF($V14="NOW",AsOfDate,$V14)) -> 1000000000 | AA14: =IF(OR($A14="",$W14=""),1000000000,IF($W14="NOW",AsOfDate,$W14)) -> 1000000000 | AB14: =IF(OR($A14="",$M14=""),1000000000,IF($M14="OUT",AsOfDate,$M14)) -> 1000000000
A15: =IF(ISNUMBER('Current Inventory'!$J15),'Current Inventory'!$A15,"") | B15: =IF($A15="","",'Current Inventory'!$B15) | C15: =IF($A15="","",'Current Inventory'!$C15) | D15: =IF($A15="","",'Current Inventory'!$D15) | E15: =IF($A15="","",'Current Inventory'!$J15) | F15: =IF($A15="","",N('Current Inventory'!$G15)) | G15: =IF($A15="","",'Current Inventory'!$K15) | H15: =IF($A15="","",IFERROR(SUMIFS(INDEX(PP_Daily,0,MATCH($B15,Mat_Code,0)),PP_Site,$A15),0)) | I15: =IF($A15="","",IFERROR(SUMIFS(INDEX(Con_Use,0,MATCH($B15,Mat_Code,0)),Con_Site,$A15,Con_Date,">"&(AsOfDate-7),Con_Date,"<="&AsOfDate)/MAX(1,NETWORKDAYS.INTL(AsOfDate-6,AsOfDate,WeekendMask,Holidays)),0)) | J15: =IF($A15="","",IF($H15>0,$H15,$I15)) | K15: =IF($A15="","",IF($H15>0,"Plan",IF($I15>0,"Actual 7-day avg","No usage"))) | L15: =IF($A15="","",IF($J15>0,MAX(0,$E15)/$J15,"")) | M15: =IF(OR($A15="",$L15=""),"",IF($E15<=0,"OUT",WORKDAY.INTL(AsOfDate,ROUNDUP($L15,0),WeekendMask,Holidays))) | N15: =IF($A15="","",SUMIFS(Del_Qty,Del_Site,$A15,Del_Mat,$B15,Del_Date,">"&AsOfDate)) | O15: =IF(OR($A15="",N($N15)<=0),"",SUMPRODUCT(MIN((Del_Site=$A15)*(Del_Mat=$B15)*(Del_Date>AsOfDate)*Del_Date+(1-(Del_Site=$A15)*(Del_Mat=$B15)*(Del_Date>AsOfDate))*1000000000))) | P15: =IF($A15="","",IF(ISNUMBER($M15),SUMIFS(Del_Qty,Del_Site,$A15,Del_Mat,$B15,Del_Date,">"&AsOfDate,Del_Date,"<="&$M15),0)) | Q15: =IF(OR($A15="",$J15<=0),"",IF($P15>0,(MAX(0,$E15)+$N15)/$J15,$L15)) | R15: =IF($A15="","",IFERROR(INDEX(Mat_Lead,MATCH($B15,Mat_Code,0)),0)) | S15: =IF($A15="","",IFERROR(INDEX(Mat_Safety,MATCH($B15,Mat_Code,0)),0)) | T15: =IF($A15="","",$J15*($R15+$S15)) | U15: =IF($A15="","",IF($E15<=0,"OUT OF STOCK",IF($J15<=0,"NO USAGE",IF($Q15<=$R15,"CRITICAL",IF($Q15<=$R15+$S15,"REORDER","OK"))))) | V15: =IF(OR($A15="",$U15="NO USAGE"),"",IF(OR($U15="OUT OF STOCK",$Q15<=$R15+$S15),"NOW",WORKDAY.INTL(AsOfDate,INT($Q15-$R15-$S15),WeekendMask,Holidays))) | W15: =IF(OR($A15="",$U15="NO USAGE"),"",IF(OR($U15="OUT OF STOCK",$Q15<=$R15),"NOW",WORKDAY.INTL(AsOfDate,ROUNDUP($Q15-$R15,0),WeekendMask,Holidays))) | X15: =IF($A15="","",IF(OR($U15="CRITICAL",$U15="REORDER",$U15="OUT OF STOCK"),IF($F15>0,ROUNDUP(MAX(0,$F15-MAX(0,MAX(0,$E15)+$N15-$J15*$R15)),0),"Set capacity"),0)) | Y15: =IF($A15="","",IF($U15="OUT OF STOCK","Out of stock – production at risk."&IF($N15>0," Next delivery "&TEXT($O15,"ddd dd-mmm")&": expedite it."," Order and expedite now."),IF($U15="CRITICAL",IF(AND($N15>0,$P15<=0),"URGENT – runs out about "&TEXT($M15,"ddd dd-mmm")&", before the next delivery ("&TEXT($O15,"ddd dd-mmm")&"). Expedite it.","URGENT – runs out about "&TEXT($M15,"ddd dd-mmm")&"; a normal order takes "&$R15&" days. Order and expedite now."),IF($U15="REORDER","Order now (about "&TEXT($X15,"#,##0")&" "&$D15&") – becomes critical "&TEXT($W15,"ddd dd-mmm")&".",IF($U15="NO USAGE","No planned or recent usage.","OK – next order by "&TEXT($V15,"ddd dd-mmm")&IF($N15>0,"; "&TEXT($N15,"#,##0")&" "&$D15&" on order (next "&TEXT($O15,"dd-mmm")&")","")&"."))))) | Z15: =IF(OR($A15="",$V15=""),1000000000,IF($V15="NOW",AsOfDate,$V15)) -> 1000000000 | AA15: =IF(OR($A15="",$W15=""),1000000000,IF($W15="NOW",AsOfDate,$W15)) -> 1000000000 | AB15: =IF(OR($A15="",$M15=""),1000000000,IF($M15="OUT",AsOfDate,$M15)) -> 1000000000
A16: =IF(ISNUMBER('Current Inventory'!$J16),'Current Inventory'!$A16,"") | B16: =IF($A16="","",'Current Inventory'!$B16) | C16: =IF($A16="","",'Current Inventory'!$C16) | D16: =IF($A16="","",'Current Inventory'!$D16) | E16: =IF($A16="","",'Current Inventory'!$J16) | F16: =IF($A16="","",N('Current Inventory'!$G16)) | G16: =IF($A16="","",'Current Inventory'!$K16) | H16: =IF($A16="","",IFERROR(SUMIFS(INDEX(PP_Daily,0,MATCH($B16,Mat_Code,0)),PP_Site,$A16),0)) | I16: =IF($A16="","",IFERROR(SUMIFS(INDEX(Con_Use,0,MATCH($B16,Mat_Code,0)),Con_Site,$A16,Con_Date,">"&(AsOfDate-7),Con_Date,"<="&AsOfDate)/MAX(1,NETWORKDAYS.INTL(AsOfDate-6,AsOfDate,WeekendMask,Holidays)),0)) | J16: =IF($A16="","",IF($H16>0,$H16,$I16)) | K16: =IF($A16="","",IF($H16>0,"Plan",IF($I16>0,"Actual 7-day avg","No usage"))) | L16: =IF($A16="","",IF($J16>0,MAX(0,$E16)/$J16,"")) | M16: =IF(OR($A16="",$L16=""),"",IF($E16<=0,"OUT",WORKDAY.INTL(AsOfDate,ROUNDUP($L16,0),WeekendMask,Holidays))) | N16: =IF($A16="","",SUMIFS(Del_Qty,Del_Site,$A16,Del_Mat,$B16,Del_Date,">"&AsOfDate)) | O16: =IF(OR($A16="",N($N16)<=0),"",SUMPRODUCT(MIN((Del_Site=$A16)*(Del_Mat=$B16)*(Del_Date>AsOfDate)*Del_Date+(1-(Del_Site=$A16)*(Del_Mat=$B16)*(Del_Date>AsOfDate))*1000000000))) | P16: =IF($A16="","",IF(ISNUMBER($M16),SUMIFS(Del_Qty,Del_Site,$A16,Del_Mat,$B16,Del_Date,">"&AsOfDate,Del_Date,"<="&$M16),0)) | Q16: =IF(OR($A16="",$J16<=0),"",IF($P16>0,(MAX(0,$E16)+$N16)/$J16,$L16)) | R16: =IF($A16="","",IFERROR(INDEX(Mat_Lead,MATCH($B16,Mat_Code,0)),0)) | S16: =IF($A16="","",IFERROR(INDEX(Mat_Safety,MATCH($B16,Mat_Code,0)),0)) | T16: =IF($A16="","",$J16*($R16+$S16)) | U16: =IF($A16="","",IF($E16<=0,"OUT OF STOCK",IF($J16<=0,"NO USAGE",IF($Q16<=$R16,"CRITICAL",IF($Q16<=$R16+$S16,"REORDER","OK"))))) | V16: =IF(OR($A16="",$U16="NO USAGE"),"",IF(OR($U16="OUT OF STOCK",$Q16<=$R16+$S16),"NOW",WORKDAY.INTL(AsOfDate,INT($Q16-$R16-$S16),WeekendMask,Holidays))) | W16: =IF(OR($A16="",$U16="NO USAGE"),"",IF(OR($U16="OUT OF STOCK",$Q16<=$R16),"NOW",WORKDAY.INTL(AsOfDate,ROUNDUP($Q16-$R16,0),WeekendMask,Holidays))) | X16: =IF($A16="","",IF(OR($U16="CRITICAL",$U16="REORDER",$U16="OUT OF STOCK"),IF($F16>0,ROUNDUP(MAX(0,$F16-MAX(0,MAX(0,$E16)+$N16-$J16*$R16)),0),"Set capacity"),0)) | Y16: =IF($A16="","",IF($U16="OUT OF STOCK","Out of stock – production at risk."&IF($N16>0," Next delivery "&TEXT($O16,"ddd dd-mmm")&": expedite it."," Order and expedite now."),IF($U16="CRITICAL",IF(AND($N16>0,$P16<=0),"URGENT – runs out about "&TEXT($M16,"ddd dd-mmm")&", before the next delivery ("&TEXT($O16,"ddd dd-mmm")&"). Expedite it.","URGENT – runs out about "&TEXT($M16,"ddd dd-mmm")&"; a normal order takes "&$R16&" days. Order and expedite now."),IF($U16="REORDER","Order now (about "&TEXT($X16,"#,##0")&" "&$D16&") – becomes critical "&TEXT($W16,"ddd dd-mmm")&".",IF($U16="NO USAGE","No planned or recent usage.","OK – next order by "&TEXT($V16,"ddd dd-mmm")&IF($N16>0,"; "&TEXT($N16,"#,##0")&" "&$D16&" on order (next "&TEXT($O16,"dd-mmm")&")","")&"."))))) | Z16: =IF(OR($A16="",$V16=""),1000000000,IF($V16="NOW",AsOfDate,$V16)) -> 1000000000 | AA16: =IF(OR($A16="",$W16=""),1000000000,IF($W16="NOW",AsOfDate,$W16)) -> 1000000000 | AB16: =IF(OR($A16="",$M16=""),1000000000,IF($M16="OUT",AsOfDate,$M16)) -> 1000000000
A17: =IF(ISNUMBER('Current Inventory'!$J17),'Current Inventory'!$A17,"") | B17: =IF($A17="","",'Current Inventory'!$B17) | C17: =IF($A17="","",'Current Inventory'!$C17) | D17: =IF($A17="","",'Current Inventory'!$D17) | E17: =IF($A17="","",'Current Inventory'!$J17) | F17: =IF($A17="","",N('Current Inventory'!$G17)) | G17: =IF($A17="","",'Current Inventory'!$K17) | H17: =IF($A17="","",IFERROR(SUMIFS(INDEX(PP_Daily,0,MATCH($B17,Mat_Code,0)),PP_Site,$A17),0)) | I17: =IF($A17="","",IFERROR(SUMIFS(INDEX(Con_Use,0,MATCH($B17,Mat_Code,0)),Con_Site,$A17,Con_Date,">"&(AsOfDate-7),Con_Date,"<="&AsOfDate)/MAX(1,NETWORKDAYS.INTL(AsOfDate-6,AsOfDate,WeekendMask,Holidays)),0)) | J17: =IF($A17="","",IF($H17>0,$H17,$I17)) | K17: =IF($A17="","",IF($H17>0,"Plan",IF($I17>0,"Actual 7-day avg","No usage"))) | L17: =IF($A17="","",IF($J17>0,MAX(0,$E17)/$J17,"")) | M17: =IF(OR($A17="",$L17=""),"",IF($E17<=0,"OUT",WORKDAY.INTL(AsOfDate,ROUNDUP($L17,0),WeekendMask,Holidays))) | N17: =IF($A17="","",SUMIFS(Del_Qty,Del_Site,$A17,Del_Mat,$B17,Del_Date,">"&AsOfDate)) | O17: =IF(OR($A17="",N($N17)<=0),"",SUMPRODUCT(MIN((Del_Site=$A17)*(Del_Mat=$B17)*(Del_Date>AsOfDate)*Del_Date+(1-(Del_Site=$A17)*(Del_Mat=$B17)*(Del_Date>AsOfDate))*1000000000))) | P17: =IF($A17="","",IF(ISNUMBER($M17),SUMIFS(Del_Qty,Del_Site,$A17,Del_Mat,$B17,Del_Date,">"&AsOfDate,Del_Date,"<="&$M17),0)) | Q17: =IF(OR($A17="",$J17<=0),"",IF($P17>0,(MAX(0,$E17)+$N17)/$J17,$L17)) | R17: =IF($A17="","",IFERROR(INDEX(Mat_Lead,MATCH($B17,Mat_Code,0)),0)) | S17: =IF($A17="","",IFERROR(INDEX(Mat_Safety,MATCH($B17,Mat_Code,0)),0)) | T17: =IF($A17="","",$J17*($R17+$S17)) | U17: =IF($A17="","",IF($E17<=0,"OUT OF STOCK",IF($J17<=0,"NO USAGE",IF($Q17<=$R17,"CRITICAL",IF($Q17<=$R17+$S17,"REORDER","OK"))))) | V17: =IF(OR($A17="",$U17="NO USAGE"),"",IF(OR($U17="OUT OF STOCK",$Q17<=$R17+$S17),"NOW",WORKDAY.INTL(AsOfDate,INT($Q17-$R17-$S17),WeekendMask,Holidays))) | W17: =IF(OR($A17="",$U17="NO USAGE"),"",IF(OR($U17="OUT OF STOCK",$Q17<=$R17),"NOW",WORKDAY.INTL(AsOfDate,ROUNDUP($Q17-$R17,0),WeekendMask,Holidays))) | X17: =IF($A17="","",IF(OR($U17="CRITICAL",$U17="REORDER",$U17="OUT OF STOCK"),IF($F17>0,ROUNDUP(MAX(0,$F17-MAX(0,MAX(0,$E17)+$N17-$J17*$R17)),0),"Set capacity"),0)) | Y17: =IF($A17="","",IF($U17="OUT OF STOCK","Out of stock – production at risk."&IF($N17>0," Next delivery "&TEXT($O17,"ddd dd-mmm")&": expedite it."," Order and expedite now."),IF($U17="CRITICAL",IF(AND($N17>0,$P17<=0),"URGENT – runs out about "&TEXT($M17,"ddd dd-mmm")&", before the next delivery ("&TEXT($O17,"ddd dd-mmm")&"). Expedite it.","URGENT – runs out about "&TEXT($M17,"ddd dd-mmm")&"; a normal order takes "&$R17&" days. Order and expedite now."),IF($U17="REORDER","Order now (about "&TEXT($X17,"#,##0")&" "&$D17&") – becomes critical "&TEXT($W17,"ddd dd-mmm")&".",IF($U17="NO USAGE","No planned or recent usage.","OK – next order by "&TEXT($V17,"ddd dd-mmm")&IF($N17>0,"; "&TEXT($N17,"#,##0")&" "&$D17&" on order (next "&TEXT($O17,"dd-mmm")&")","")&"."))))) | Z17: =IF(OR($A17="",$V17=""),1000000000,IF($V17="NOW",AsOfDate,$V17)) -> 1000000000 | AA17: =IF(OR($A17="",$W17=""),1000000000,IF($W17="NOW",AsOfDate,$W17)) -> 1000000000 | AB17: =IF(OR($A17="",$M17=""),1000000000,IF($M17="OUT",AsOfDate,$M17)) -> 1000000000
... A105: =IF(ISNUMBER('Current Inventory'!$J105),'Current Inventory'!$A105,"") | B105: =IF($A105="","",'Current Inventory'!$B105) | C105: =IF($A105="","",'Current Inventory'!$C105) | D105: =IF($A105="","",'Current Inventory'!$D105) | E105: =IF($A105="","",'Current Inventory'!$J105) | F105: =IF($A105="","",N('Current Inventory'!$G105)) | G105: =IF($A105="","",'Current Inventory'!$K105) | H105: =IF($A105="","",IFERROR(SUMIFS(INDEX(PP_Daily,0,MATCH($B105,Mat_Code,0)),PP_Site,$A105),0)) | I105: =IF($A105="","",IFERROR(SUMIFS(INDEX(Con_Use,0,MATCH($B105,Mat_Code,0)),Con_Site,$A105,Con_Date,">"&(AsOfDate-7),Con_Date,"<="&AsOfDate)/MAX(1,NETWORKDAYS.INTL(AsOfDate-6,AsOfDate,WeekendMask,Holidays)),0)) | J105: =IF($A105="","",IF($H105>0,$H105,$I105)) | K105: =IF($A105="","",IF($H105>0,"Plan",IF($I105>0,"Actual 7-day avg","No usage"))) | L105: =IF($A105="","",IF($J105>0,MAX(0,$E105)/$J105,"")) | M105: =IF(OR($A105="",$L105=""),"",IF($E105<=0,"OUT",WORKDAY.INTL(AsOfDate,ROUNDUP($L105,0),WeekendMask,Holidays))) | N105: =IF($A105="","",SUMIFS(Del_Qty,Del_Site,$A105,Del_Mat,$B105,Del_Date,">"&AsOfDate)) | O105: =IF(OR($A105="",N($N105)<=0),"",SUMPRODUCT(MIN((Del_Site=$A105)*(Del_Mat=$B105)*(Del_Date>AsOfDate)*Del_Date+(1-(Del_Site=$A105)*(Del_Mat=$B105)*(Del_Date>AsOfDate))*1000000000))) | P105: =IF($A105="","",IF(ISNUMBER($M105),SUMIFS(Del_Qty,Del_Site,$A105,Del_Mat,$B105,Del_Date,">"&AsOfDate,Del_Date,"<="&$M105),0)) | Q105: =IF(OR($A105="",$J105<=0),"",IF($P105>0,(MAX(0,$E105)+$N105)/$J105,$L105)) | R105: =IF($A105="","",IFERROR(INDEX(Mat_Lead,MATCH($B105,Mat_Code,0)),0)) | S105: =IF($A105="","",IFERROR(INDEX(Mat_Safety,MATCH($B105,Mat_Code,0)),0)) | T105: =IF($A105="","",$J105*($R105+$S105)) | U105: =IF($A105="","",IF($E105<=0,"OUT OF STOCK",IF($J105<=0,"NO USAGE",IF($Q105<=$R105,"CRITICAL",IF($Q105<=$R105+$S105,"REORDER","OK"))))) | V105: =IF(OR($A105="",$U105="NO USAGE"),"",IF(OR($U105="OUT OF STOCK",$Q105<=$R105+$S105),"NOW",WORKDAY.INTL(AsOfDate,INT($Q105-$R105-$S105),WeekendMask,Holidays))) | W105: =IF(OR($A105="",$U105="NO USAGE"),"",IF(OR($U105="OUT OF STOCK",$Q105<=$R105),"NOW",WORKDAY.INTL(AsOfDate,ROUNDUP($Q105-$R105,0),WeekendMask,Holidays))) | X105: =IF($A105="","",IF(OR($U105="CRITICAL",$U105="REORDER",$U105="OUT OF STOCK"),IF($F105>0,ROUNDUP(MAX(0,$F105-MAX(0,MAX(0,$E105)+$N105-$J105*$R105)),0),"Set capacity"),0)) | Y105: =IF($A105="","",IF($U105="OUT OF STOCK","Out of stock – production at risk."&IF($N105>0," Next delivery "&TEXT($O105,"ddd dd-mmm")&": expedite it."," Order and expedite now."),IF($U105="CRITICAL",IF(AND($N105>0,$P105<=0),"URGENT – runs out about "&TEXT($M105,"ddd dd-mmm")&", before the next delivery ("&TEXT($O105,"ddd dd-mmm")&"). Expedite it.","URGENT – runs out about "&TEXT($M105,"ddd dd-mmm")&"; a normal order takes "&$R105&" days. Order and expedite now."),IF($U105="REORDER","Order now (about "&TEXT($X105,"#,##0")&" "&$D105&") – becomes critical "&TEXT($W105,"ddd dd-mmm")&".",IF($U105="NO USAGE","No planned or recent usage.","OK – next order by "&TEXT($V105,"ddd dd-mmm")&IF($N105>0,"; "&TEXT($N105,"#,##0")&" "&$D105&" on order (next "&TEXT($O105,"dd-mmm")&")","")&"."))))) | Z105: =IF(OR($A105="",$V105=""),1000000000,IF($V105="NOW",AsOfDate,$V105)) -> 1000000000 | AA105: =IF(OR($A105="",$W105=""),1000000000,IF($W105="NOW",AsOfDate,$W105)) -> 1000000000 | AB105: =IF(OR($A105="",$M105=""),1000000000,IF($M105="OUT",AsOfDate,$M105)) -> 1000000000

Sheet Production Plan
A1: 5 · Production Plan — Declared m3 per Day (forecast basis)
A2: One row per site and mix design. Enter the planned concrete volume per working day; weekly and monthly volumes and material requirements are calculated.
D3: DECLARED PRODUCTION | G3: DAILY MATERIAL NEED (incl. allowance) | L3: MONTHLY MATERIAL NEED
A4: Site / Project | B4: Mix Code | C4: Mix Description | D4: Planned m3 / Day | E4: m3 / Week | F4: m3 / Month | G4: =Settings!$C$11&" / day"&CHAR(10)&"("&Settings!$E$11&")" -> Cement / day (bags) | H4: =Settings!$C$12&" / day"&CHAR(10)&"("&Settings!$E$12&")" -> Sand / day (m3) | I4: =Settings!$C$13&" / day"&CHAR(10)&"("&Settings!$E$13&")" -> Gravel 3/4" / day (m3) | J4: =Settings!$C$14&" / day"&CHAR(10)&"("&Settings!$E$14&")" -> Gravel 3/8" / day (m3) | K4: =Settings!$C$15&" / day"&CHAR(10)&"("&Settings!$E$15&")" -> Admixture / day (L) | L4: =Settings!$C$11&" / month"&CHAR(10)&"("&Settings!$E$11&")" -> Cement / month (bags) | M4: =Settings!$C$12&" / month"&CHAR(10)&"("&Settings!$E$12&")" -> Sand / month (m3) | N4: =Settings!$C$13&" / month"&CHAR(10)&"("&Settings!$E$13&")" -> Gravel 3/4" / month (m3) | O4: =Settings!$C$14&" / month"&CHAR(10)&"("&Settings!$E$14&")" -> Gravel 3/8" / month (m3) | P4: =Settings!$C$15&" / month"&CHAR(10)&"("&Settings!$E$15&")" -> Admixture / month (L) | Q4: Remarks | R4: Check
A5: Example Site | B5: MD-01 | C5: Precast Wall Panel | D5: 20 | E5: (auto) | F5: (auto) | G5: (auto) | H5: (auto) | I5: (auto) | J5: (auto) | K5: (auto) | L5: (auto) | M5: (auto) | N5: (auto) | O5: (auto) | P5: (auto) | Q5: Example row — panels, 2 casting beds
C6: =IF($B6="","",IFERROR(INDEX(Mix_Desc,MATCH($B6,Mix_Code,0)),"⚠ Unknown mix code")) | E6: =IF($D6="","",$D6*WorkDaysWeek) | F6: =IF($D6="","",$D6*WorkDaysMonth) | G6: =IF(OR($B6="",$D6=""),"",IFERROR($D6*INDEX(Mix_Eff,MATCH($B6,Mix_Code,0),1),"")) | H6: =IF(OR($B6="",$D6=""),"",IFERROR($D6*INDEX(Mix_Eff,MATCH($B6,Mix_Code,0),2),"")) | I6: =IF(OR($B6="",$D6=""),"",IFERROR($D6*INDEX(Mix_Eff,MATCH($B6,Mix_Code,0),3),"")) | J6: =IF(OR($B6="",$D6=""),"",IFERROR($D6*INDEX(Mix_Eff,MATCH($B6,Mix_Code,0),4),"")) | K6: =IF(OR($B6="",$D6=""),"",IFERROR($D6*INDEX(Mix_Eff,MATCH($B6,Mix_Code,0),5),"")) | L6: =IF(G6="","",G6*WorkDaysMonth) | M6: =IF(H6="","",H6*WorkDaysMonth) | N6: =IF(I6="","",I6*WorkDaysMonth) | O6: =IF(J6="","",J6*WorkDaysMonth) | P6: =IF(K6="","",K6*WorkDaysMonth) | R6: =IF(AND($A6="",$B6="",$D6=""),"",IF(OR($A6="",$B6=""),"⚠ Site and mix code required",IF(ISNA(MATCH($B6,Mix_Code,0)),"⚠ Unknown mix code",IF(COUNTIF(CI_Site,$A6)=0,"⚠ Site not set up in Current Inventory","OK"))))
C7: =IF($B7="","",IFERROR(INDEX(Mix_Desc,MATCH($B7,Mix_Code,0)),"⚠ Unknown mix code")) | E7: =IF($D7="","",$D7*WorkDaysWeek) | F7: =IF($D7="","",$D7*WorkDaysMonth) | G7: =IF(OR($B7="",$D7=""),"",IFERROR($D7*INDEX(Mix_Eff,MATCH($B7,Mix_Code,0),1),"")) | H7: =IF(OR($B7="",$D7=""),"",IFERROR($D7*INDEX(Mix_Eff,MATCH($B7,Mix_Code,0),2),"")) | I7: =IF(OR($B7="",$D7=""),"",IFERROR($D7*INDEX(Mix_Eff,MATCH($B7,Mix_Code,0),3),"")) | J7: =IF(OR($B7="",$D7=""),"",IFERROR($D7*INDEX(Mix_Eff,MATCH($B7,Mix_Code,0),4),"")) | K7: =IF(OR($B7="",$D7=""),"",IFERROR($D7*INDEX(Mix_Eff,MATCH($B7,Mix_Code,0),5),"")) | L7: =IF(G7="","",G7*WorkDaysMonth) | M7: =IF(H7="","",H7*WorkDaysMonth) | N7: =IF(I7="","",I7*WorkDaysMonth) | O7: =IF(J7="","",J7*WorkDaysMonth) | P7: =IF(K7="","",K7*WorkDaysMonth) | R7: =IF(AND($A7="",$B7="",$D7=""),"",IF(OR($A7="",$B7=""),"⚠ Site and mix code required",IF(ISNA(MATCH($B7,Mix_Code,0)),"⚠ Unknown mix code",IF(COUNTIF(CI_Site,$A7)=0,"⚠ Site not set up in Current Inventory","OK"))))
C8: =IF($B8="","",IFERROR(INDEX(Mix_Desc,MATCH($B8,Mix_Code,0)),"⚠ Unknown mix code")) | E8: =IF($D8="","",$D8*WorkDaysWeek) | F8: =IF($D8="","",$D8*WorkDaysMonth) | G8: =IF(OR($B8="",$D8=""),"",IFERROR($D8*INDEX(Mix_Eff,MATCH($B8,Mix_Code,0),1),"")) | H8: =IF(OR($B8="",$D8=""),"",IFERROR($D8*INDEX(Mix_Eff,MATCH($B8,Mix_Code,0),2),"")) | I8: =IF(OR($B8="",$D8=""),"",IFERROR($D8*INDEX(Mix_Eff,MATCH($B8,Mix_Code,0),3),"")) | J8: =IF(OR($B8="",$D8=""),"",IFERROR($D8*INDEX(Mix_Eff,MATCH($B8,Mix_Code,0),4),"")) | K8: =IF(OR($B8="",$D8=""),"",IFERROR($D8*INDEX(Mix_Eff,MATCH($B8,Mix_Code,0),5),"")) | L8: =IF(G8="","",G8*WorkDaysMonth) | M8: =IF(H8="","",H8*WorkDaysMonth) | N8: =IF(I8="","",I8*WorkDaysMonth) | O8: =IF(J8="","",J8*WorkDaysMonth) | P8: =IF(K8="","",K8*WorkDaysMonth) | R8: =IF(AND($A8="",$B8="",$D8=""),"",IF(OR($A8="",$B8=""),"⚠ Site and mix code required",IF(ISNA(MATCH($B8,Mix_Code,0)),"⚠ Unknown mix code",IF(COUNTIF(CI_Site,$A8)=0,"⚠ Site not set up in Current Inventory","OK"))))
C9: =IF($B9="","",IFERROR(INDEX(Mix_Desc,MATCH($B9,Mix_Code,0)),"⚠ Unknown mix code")) | E9: =IF($D9="","",$D9*WorkDaysWeek) | F9: =IF($D9="","",$D9*WorkDaysMonth) | G9: =IF(OR($B9="",$D9=""),"",IFERROR($D9*INDEX(Mix_Eff,MATCH($B9,Mix_Code,0),1),"")) | H9: =IF(OR($B9="",$D9=""),"",IFERROR($D9*INDEX(Mix_Eff,MATCH($B9,Mix_Code,0),2),"")) | I9: =IF(OR($B9="",$D9=""),"",IFERROR($D9*INDEX(Mix_Eff,MATCH($B9,Mix_Code,0),3),"")) | J9: =IF(OR($B9="",$D9=""),"",IFERROR($D9*INDEX(Mix_Eff,MATCH($B9,Mix_Code,0),4),"")) | K9: =IF(OR($B9="",$D9=""),"",IFERROR($D9*INDEX(Mix_Eff,MATCH($B9,Mix_Code,0),5),"")) | L9: =IF(G9="","",G9*WorkDaysMonth) | M9: =IF(H9="","",H9*WorkDaysMonth) | N9: =IF(I9="","",I9*WorkDaysMonth) | O9: =IF(J9="","",J9*WorkDaysMonth) | P9: =IF(K9="","",K9*WorkDaysMonth) | R9: =IF(AND($A9="",$B9="",$D9=""),"",IF(OR($A9="",$B9=""),"⚠ Site and mix code required",IF(ISNA(MATCH($B9,Mix_Code,0)),"⚠ Unknown mix code",IF(COUNTIF(CI_Site,$A9)=0,"⚠ Site not set up in Current Inventory","OK"))))
C10: =IF($B10="","",IFERROR(INDEX(Mix_Desc,MATCH($B10,Mix_Code,0)),"⚠ Unknown mix code")) | E10: =IF($D10="","",$D10*WorkDaysWeek) | F10: =IF($D10="","",$D10*WorkDaysMonth) | G10: =IF(OR($B10="",$D10=""),"",IFERROR($D10*INDEX(Mix_Eff,MATCH($B10,Mix_Code,0),1),"")) | H10: =IF(OR($B10="",$D10=""),"",IFERROR($D10*INDEX(Mix_Eff,MATCH($B10,Mix_Code,0),2),"")) | I10: =IF(OR($B10="",$D10=""),"",IFERROR($D10*INDEX(Mix_Eff,MATCH($B10,Mix_Code,0),3),"")) | J10: =IF(OR($B10="",$D10=""),"",IFERROR($D10*INDEX(Mix_Eff,MATCH($B10,Mix_Code,0),4),"")) | K10: =IF(OR($B10="",$D10=""),"",IFERROR($D10*INDEX(Mix_Eff,MATCH($B10,Mix_Code,0),5),"")) | L10: =IF(G10="","",G10*WorkDaysMonth) | M10: =IF(H10="","",H10*WorkDaysMonth) | N10: =IF(I10="","",I10*WorkDaysMonth) | O10: =IF(J10="","",J10*WorkDaysMonth) | P10: =IF(K10="","",K10*WorkDaysMonth) | R10: =IF(AND($A10="",$B10="",$D10=""),"",IF(OR($A10="",$B10=""),"⚠ Site and mix code required",IF(ISNA(MATCH($B10,Mix_Code,0)),"⚠ Unknown mix code",IF(COUNTIF(CI_Site,$A10)=0,"⚠ Site not set up in Current Inventory","OK"))))
C11: =IF($B11="","",IFERROR(INDEX(Mix_Desc,MATCH($B11,Mix_Code,0)),"⚠ Unknown mix code")) | E11: =IF($D11="","",$D11*WorkDaysWeek) | F11: =IF($D11="","",$D11*WorkDaysMonth) | G11: =IF(OR($B11="",$D11=""),"",IFERROR($D11*INDEX(Mix_Eff,MATCH($B11,Mix_Code,0),1),"")) | H11: =IF(OR($B11="",$D11=""),"",IFERROR($D11*INDEX(Mix_Eff,MATCH($B11,Mix_Code,0),2),"")) | I11: =IF(OR($B11="",$D11=""),"",IFERROR($D11*INDEX(Mix_Eff,MATCH($B11,Mix_Code,0),3),"")) | J11: =IF(OR($B11="",$D11=""),"",IFERROR($D11*INDEX(Mix_Eff,MATCH($B11,Mix_Code,0),4),"")) | K11: =IF(OR($B11="",$D11=""),"",IFERROR($D11*INDEX(Mix_Eff,MATCH($B11,Mix_Code,0),5),"")) | L11: =IF(G11="","",G11*WorkDaysMonth) | M11: =IF(H11="","",H11*WorkDaysMonth) | N11: =IF(I11="","",I11*WorkDaysMonth) | O11: =IF(J11="","",J11*WorkDaysMonth) | P11: =IF(K11="","",K11*WorkDaysMonth) | R11: =IF(AND($A11="",$B11="",$D11=""),"",IF(OR($A11="",$B11=""),"⚠ Site and mix code required",IF(ISNA(MATCH($B11,Mix_Code,0)),"⚠ Unknown mix code",IF(COUNTIF(CI_Site,$A11)=0,"⚠ Site not set up in Current Inventory","OK"))))
C12: =IF($B12="","",IFERROR(INDEX(Mix_Desc,MATCH($B12,Mix_Code,0)),"⚠ Unknown mix code")) | E12: =IF($D12="","",$D12*WorkDaysWeek) | F12: =IF($D12="","",$D12*WorkDaysMonth) | G12: =IF(OR($B12="",$D12=""),"",IFERROR($D12*INDEX(Mix_Eff,MATCH($B12,Mix_Code,0),1),"")) | H12: =IF(OR($B12="",$D12=""),"",IFERROR($D12*INDEX(Mix_Eff,MATCH($B12,Mix_Code,0),2),"")) | I12: =IF(OR($B12="",$D12=""),"",IFERROR($D12*INDEX(Mix_Eff,MATCH($B12,Mix_Code,0),3),"")) | J12: =IF(OR($B12="",$D12=""),"",IFERROR($D12*INDEX(Mix_Eff,MATCH($B12,Mix_Code,0),4),"")) | K12: =IF(OR($B12="",$D12=""),"",IFERROR($D12*INDEX(Mix_Eff,MATCH($B12,Mix_Code,0),5),"")) | L12: =IF(G12="","",G12*WorkDaysMonth) | M12: =IF(H12="","",H12*WorkDaysMonth) | N12: =IF(I12="","",I12*WorkDaysMonth) | O12: =IF(J12="","",J12*WorkDaysMonth) | P12: =IF(K12="","",K12*WorkDaysMonth) | R12: =IF(AND($A12="",$B12="",$D12=""),"",IF(OR($A12="",$B12=""),"⚠ Site and mix code required",IF(ISNA(MATCH($B12,Mix_Code,0)),"⚠ Unknown mix code",IF(COUNTIF(CI_Site,$A12)=0,"⚠ Site not set up in Current Inventory","OK"))))
C13: =IF($B13="","",IFERROR(INDEX(Mix_Desc,MATCH($B13,Mix_Code,0)),"⚠ Unknown mix code")) | E13: =IF($D13="","",$D13*WorkDaysWeek) | F13: =IF($D13="","",$D13*WorkDaysMonth) | G13: =IF(OR($B13="",$D13=""),"",IFERROR($D13*INDEX(Mix_Eff,MATCH($B13,Mix_Code,0),1),"")) | H13: =IF(OR($B13="",$D13=""),"",IFERROR($D13*INDEX(Mix_Eff,MATCH($B13,Mix_Code,0),2),"")) | I13: =IF(OR($B13="",$D13=""),"",IFERROR($D13*INDEX(Mix_Eff,MATCH($B13,Mix_Code,0),3),"")) | J13: =IF(OR($B13="",$D13=""),"",IFERROR($D13*INDEX(Mix_Eff,MATCH($B13,Mix_Code,0),4),"")) | K13: =IF(OR($B13="",$D13=""),"",IFERROR($D13*INDEX(Mix_Eff,MATCH($B13,Mix_Code,0),5),"")) | L13: =IF(G13="","",G13*WorkDaysMonth) | M13: =IF(H13="","",H13*WorkDaysMonth) | N13: =IF(I13="","",I13*WorkDaysMonth) | O13: =IF(J13="","",J13*WorkDaysMonth) | P13: =IF(K13="","",K13*WorkDaysMonth) | R13: =IF(AND($A13="",$B13="",$D13=""),"",IF(OR($A13="",$B13=""),"⚠ Site and mix code required",IF(ISNA(MATCH($B13,Mix_Code,0)),"⚠ Unknown mix code",IF(COUNTIF(CI_Site,$A13)=0,"⚠ Site not set up in Current Inventory","OK"))))
C14: =IF($B14="","",IFERROR(INDEX(Mix_Desc,MATCH($B14,Mix_Code,0)),"⚠ Unknown mix code")) | E14: =IF($D14="","",$D14*WorkDaysWeek) | F14: =IF($D14="","",$D14*WorkDaysMonth) | G14: =IF(OR($B14="",$D14=""),"",IFERROR($D14*INDEX(Mix_Eff,MATCH($B14,Mix_Code,0),1),"")) | H14: =IF(OR($B14="",$D14=""),"",IFERROR($D14*INDEX(Mix_Eff,MATCH($B14,Mix_Code,0),2),"")) | I14: =IF(OR($B14="",$D14=""),"",IFERROR($D14*INDEX(Mix_Eff,MATCH($B14,Mix_Code,0),3),"")) | J14: =IF(OR($B14="",$D14=""),"",IFERROR($D14*INDEX(Mix_Eff,MATCH($B14,Mix_Code,0),4),"")) | K14: =IF(OR($B14="",$D14=""),"",IFERROR($D14*INDEX(Mix_Eff,MATCH($B14,Mix_Code,0),5),"")) | L14: =IF(G14="","",G14*WorkDaysMonth) | M14: =IF(H14="","",H14*WorkDaysMonth) | N14: =IF(I14="","",I14*WorkDaysMonth) | O14: =IF(J14="","",J14*WorkDaysMonth) | P14: =IF(K14="","",K14*WorkDaysMonth) | R14: =IF(AND($A14="",$B14="",$D14=""),"",IF(OR($A14="",$B14=""),"⚠ Site and mix code required",IF(ISNA(MATCH($B14,Mix_Code,0)),"⚠ Unknown mix code",IF(COUNTIF(CI_Site,$A14)=0,"⚠ Site not set up in Current Inventory","OK"))))
C15: =IF($B15="","",IFERROR(INDEX(Mix_Desc,MATCH($B15,Mix_Code,0)),"⚠ Unknown mix code")) | E15: =IF($D15="","",$D15*WorkDaysWeek) | F15: =IF($D15="","",$D15*WorkDaysMonth) | G15: =IF(OR($B15="",$D15=""),"",IFERROR($D15*INDEX(Mix_Eff,MATCH($B15,Mix_Code,0),1),"")) | H15: =IF(OR($B15="",$D15=""),"",IFERROR($D15*INDEX(Mix_Eff,MATCH($B15,Mix_Code,0),2),"")) | I15: =IF(OR($B15="",$D15=""),"",IFERROR($D15*INDEX(Mix_Eff,MATCH($B15,Mix_Code,0),3),"")) | J15: =IF(OR($B15="",$D15=""),"",IFERROR($D15*INDEX(Mix_Eff,MATCH($B15,Mix_Code,0),4),"")) | K15: =IF(OR($B15="",$D15=""),"",IFERROR($D15*INDEX(Mix_Eff,MATCH($B15,Mix_Code,0),5),"")) | L15: =IF(G15="","",G15*WorkDaysMonth) | M15: =IF(H15="","",H15*WorkDaysMonth) | N15: =IF(I15="","",I15*WorkDaysMonth) | O15: =IF(J15="","",J15*WorkDaysMonth) | P15: =IF(K15="","",K15*WorkDaysMonth) | R15: =IF(AND($A15="",$B15="",$D15=""),"",IF(OR($A15="",$B15=""),"⚠ Site and mix code required",IF(ISNA(MATCH($B15,Mix_Code,0)),"⚠ Unknown mix code",IF(COUNTIF(CI_Site,$A15)=0,"⚠ Site not set up in Current Inventory","OK"))))
C16: =IF($B16="","",IFERROR(INDEX(Mix_Desc,MATCH($B16,Mix_Code,0)),"⚠ Unknown mix code")) | E16: =IF($D16="","",$D16*WorkDaysWeek) | F16: =IF($D16="","",$D16*WorkDaysMonth) | G16: =IF(OR($B16="",$D16=""),"",IFERROR($D16*INDEX(Mix_Eff,MATCH($B16,Mix_Code,0),1),"")) | H16: =IF(OR($B16="",$D16=""),"",IFERROR($D16*INDEX(Mix_Eff,MATCH($B16,Mix_Code,0),2),"")) | I16: =IF(OR($B16="",$D16=""),"",IFERROR($D16*INDEX(Mix_Eff,MATCH($B16,Mix_Code,0),3),"")) | J16: =IF(OR($B16="",$D16=""),"",IFERROR($D16*INDEX(Mix_Eff,MATCH($B16,Mix_Code,0),4),"")) | K16: =IF(OR($B16="",$D16=""),"",IFERROR($D16*INDEX(Mix_Eff,MATCH($B16,Mix_Code,0),5),"")) | L16: =IF(G16="","",G16*WorkDaysMonth) | M16: =IF(H16="","",H16*WorkDaysMonth) | N16: =IF(I16="","",I16*WorkDaysMonth) | O16: =IF(J16="","",J16*WorkDaysMonth) | P16: =IF(K16="","",K16*WorkDaysMonth) | R16: =IF(AND($A16="",$B16="",$D16=""),"",IF(OR($A16="",$B16=""),"⚠ Site and mix code required",IF(ISNA(MATCH($B16,Mix_Code,0)),"⚠ Unknown mix code",IF(COUNTIF(CI_Site,$A16)=0,"⚠ Site not set up in Current Inventory","OK"))))
C17: =IF($B17="","",IFERROR(INDEX(Mix_Desc,MATCH($B17,Mix_Code,0)),"⚠ Unknown mix code")) | E17: =IF($D17="","",$D17*WorkDaysWeek) | F17: =IF($D17="","",$D17*WorkDaysMonth) | G17: =IF(OR($B17="",$D17=""),"",IFERROR($D17*INDEX(Mix_Eff,MATCH($B17,Mix_Code,0),1),"")) | H17: =IF(OR($B17="",$D17=""),"",IFERROR($D17*INDEX(Mix_Eff,MATCH($B17,Mix_Code,0),2),"")) | I17: =IF(OR($B17="",$D17=""),"",IFERROR($D17*INDEX(Mix_Eff,MATCH($B17,Mix_Code,0),3),"")) | J17: =IF(OR($B17="",$D17=""),"",IFERROR($D17*INDEX(Mix_Eff,MATCH($B17,Mix_Code,0),4),"")) | K17: =IF(OR($B17="",$D17=""),"",IFERROR($D17*INDEX(Mix_Eff,MATCH($B17,Mix_Code,0),5),"")) | L17: =IF(G17="","",G17*WorkDaysMonth) | M17: =IF(H17="","",H17*WorkDaysMonth) | N17: =IF(I17="","",I17*WorkDaysMonth) | O17: =IF(J17="","",J17*WorkDaysMonth) | P17: =IF(K17="","",K17*WorkDaysMonth) | R17: =IF(AND($A17="",$B17="",$D17=""),"",IF(OR($A17="",$B17=""),"⚠ Site and mix code required",IF(ISNA(MATCH($B17,Mix_Code,0)),"⚠ Unknown mix code",IF(COUNTIF(CI_Site,$A17)=0,"⚠ Site not set up in Current Inventory","OK"))))
... C85: =IF($B85="","",IFERROR(INDEX(Mix_Desc,MATCH($B85,Mix_Code,0)),"⚠ Unknown mix code")) | E85: =IF($D85="","",$D85*WorkDaysWeek) | F85: =IF($D85="","",$D85*WorkDaysMonth) | G85: =IF(OR($B85="",$D85=""),"",IFERROR($D85*INDEX(Mix_Eff,MATCH($B85,Mix_Code,0),1),"")) | H85: =IF(OR($B85="",$D85=""),"",IFERROR($D85*INDEX(Mix_Eff,MATCH($B85,Mix_Code,0),2),"")) | I85: =IF(OR($B85="",$D85=""),"",IFERROR($D85*INDEX(Mix_Eff,MATCH($B85,Mix_Code,0),3),"")) | J85: =IF(OR($B85="",$D85=""),"",IFERROR($D85*INDEX(Mix_Eff,MATCH($B85,Mix_Code,0),4),"")) | K85: =IF(OR($B85="",$D85=""),"",IFERROR($D85*INDEX(Mix_Eff,MATCH($B85,Mix_Code,0),5),"")) | L85: =IF(G85="","",G85*WorkDaysMonth) | M85: =IF(H85="","",H85*WorkDaysMonth) | N85: =IF(I85="","",I85*WorkDaysMonth) | O85: =IF(J85="","",J85*WorkDaysMonth) | P85: =IF(K85="","",K85*WorkDaysMonth) | R85: =IF(AND($A85="",$B85="",$D85=""),"",IF(OR($A85="",$B85=""),"⚠ Site and mix code required",IF(ISNA(MATCH($B85,Mix_Code,0)),"⚠ Unknown mix code",IF(COUNTIF(CI_Site,$A85)=0,"⚠ Site not set up in Current Inventory","OK"))))

Sheet Forecast
A1: 5 · Forecast — Consumption (Daily → Weekly → Monthly) & 6-Month Stock Projection
A2: Automatic. Usage = declared m3/day (Production Plan) × mix design × working days. Period 1 runs from the day after the As-of Date to month-end; projected stock adds the deliveries dated in each period.
A4: FORECAST PERIODS
A5: Period | B5: P1 | C5: P2 | D5: P3 | E5: P4 | F5: P5 | G5: P6
A6: Start date | B6: =AsOfDate+1 -> 46327 | C6: =B7+1 -> 46357 | D6: =C7+1 -> 46388 | E6: =D7+1 -> 46419 | F6: =E7+1 -> 46447 | G6: =F7+1 -> 46478
A7: End date | B7: =EOMONTH(B6,0) -> 46356 | C7: =EOMONTH(C6,0) -> 46387 | D7: =EOMONTH(D6,0) -> 46418 | E7: =EOMONTH(E6,0) -> 46446 | F7: =EOMONTH(F6,0) -> 46477 | G7: =EOMONTH(G6,0) -> 46507
A8: Working days | B8: =NETWORKDAYS.INTL(B6,B7,WeekendMask,Holidays) -> 25 | C8: =NETWORKDAYS.INTL(C6,C7,WeekendMask,Holidays) -> 27 | D8: =NETWORKDAYS.INTL(D6,D7,WeekendMask,Holidays) -> 26 | E8: =NETWORKDAYS.INTL(E6,E7,WeekendMask,Holidays) -> 24 | F8: =NETWORKDAYS.INTL(F6,F7,WeekendMask,Holidays) -> 27 | G8: =NETWORKDAYS.INTL(G6,G7,WeekendMask,Holidays) -> 26 | H8: ← actual working days in each period (non-working weekdays and holidays from Settings are skipped)
A9: Label | B9: =TEXT(B6,"mmm yyyy")&IF(DAY(B6)=1,""," ("&DAY(B6)&"–"&DAY(B7)&")") -> Nov 2026 | C9: =TEXT(C6,"mmm yyyy")&IF(DAY(C6)=1,""," ("&DAY(C6)&"–"&DAY(C7)&")") -> Dec 2026 | D9: =TEXT(D6,"mmm yyyy")&IF(DAY(D6)=1,""," ("&DAY(D6)&"–"&DAY(D7)&")") -> Jan 2027 | E9: =TEXT(E6,"mmm yyyy")&IF(DAY(E6)=1,""," ("&DAY(E6)&"–"&DAY(E7)&")") -> Feb 2027 | F9: =TEXT(F6,"mmm yyyy")&IF(DAY(F6)=1,""," ("&DAY(F6)&"–"&DAY(F7)&")") -> Mar 2027 | G9: =TEXT(G6,"mmm yyyy")&IF(DAY(G6)=1,""," ("&DAY(G6)&"–"&DAY(G7)&")") -> Apr 2027
A11: A. CONCRETE PRODUCTION FORECAST (m3) — from the declared m3/day in the Production Plan
A12: Site / Project | B12: Planned m3 / Day | C12: m3 / Week | D12: m3 / Month (full month) | E12: =B$9 -> Nov 2026 | F12: =C$9 -> Dec 2026 | G12: =D$9 -> Jan 2027 | H12: =E$9 -> Feb 2027 | I12: =F$9 -> Mar 2027 | J12: =G$9 -> Apr 2027 | K12: Total next 6 periods
A13: =IF(Settings!$B19="","",Settings!$B19) -> Batulao Parkhomes | B13: =IF($A13="","",SUMIFS(PP_Vol,PP_Site,$A13)) -> 0 | C13: =IF($A13="","",$B13*WorkDaysWeek) -> 0 | D13: =IF($A13="","",$B13*WorkDaysMonth) -> 0 | E13: =IF($A13="","",$B13*B$8) -> 0 | F13: =IF($A13="","",$B13*C$8) -> 0 | G13: =IF($A13="","",$B13*D$8) -> 0 | H13: =IF($A13="","",$B13*E$8) -> 0 | I13: =IF($A13="","",$B13*F$8) -> 0 | J13: =IF($A13="","",$B13*G$8) -> 0 | K13: =IF($A13="","",SUM(E13:J13)) -> 0
A14: =IF(Settings!$B20="","",Settings!$B20) -> Calauan (Alora+Amani) | B14: =IF($A14="","",SUMIFS(PP_Vol,PP_Site,$A14)) -> 0 | C14: =IF($A14="","",$B14*WorkDaysWeek) -> 0 | D14: =IF($A14="","",$B14*WorkDaysMonth) -> 0 | E14: =IF($A14="","",$B14*B$8) -> 0 | F14: =IF($A14="","",$B14*C$8) -> 0 | G14: =IF($A14="","",$B14*D$8) -> 0 | H14: =IF($A14="","",$B14*E$8) -> 0 | I14: =IF($A14="","",$B14*F$8) -> 0 | J14: =IF($A14="","",$B14*G$8) -> 0 | K14: =IF($A14="","",SUM(E14:J14)) -> 0
A15: =IF(Settings!$B21="","",Settings!$B21) -> Gentri | B15: =IF($A15="","",SUMIFS(PP_Vol,PP_Site,$A15)) -> 0 | C15: =IF($A15="","",$B15*WorkDaysWeek) -> 0 | D15: =IF($A15="","",$B15*WorkDaysMonth) -> 0 | E15: =IF($A15="","",$B15*B$8) -> 0 | F15: =IF($A15="","",$B15*C$8) -> 0 | G15: =IF($A15="","",$B15*D$8) -> 0 | H15: =IF($A15="","",$B15*E$8) -> 0 | I15: =IF($A15="","",$B15*F$8) -> 0 | J15: =IF($A15="","",$B15*G$8) -> 0 | K15: =IF($A15="","",SUM(E15:J15)) -> 0
A16: =IF(Settings!$B22="","",Settings!$B22) -> Naic | B16: =IF($A16="","",SUMIFS(PP_Vol,PP_Site,$A16)) -> 0 | C16: =IF($A16="","",$B16*WorkDaysWeek) -> 0 | D16: =IF($A16="","",$B16*WorkDaysMonth) -> 0 | E16: =IF($A16="","",$B16*B$8) -> 0 | F16: =IF($A16="","",$B16*C$8) -> 0 | G16: =IF($A16="","",$B16*D$8) -> 0 | H16: =IF($A16="","",$B16*E$8) -> 0 | I16: =IF($A16="","",$B16*F$8) -> 0 | J16: =IF($A16="","",$B16*G$8) -> 0 | K16: =IF($A16="","",SUM(E16:J16)) -> 0
A17: =IF(Settings!$B23="","",Settings!$B23) -> The Cove Lipa | B17: =IF($A17="","",SUMIFS(PP_Vol,PP_Site,$A17)) -> 0 | C17: =IF($A17="","",$B17*WorkDaysWeek) -> 0 | D17: =IF($A17="","",$B17*WorkDaysMonth) -> 0 | E17: =IF($A17="","",$B17*B$8) -> 0 | F17: =IF($A17="","",$B17*C$8) -> 0 | G17: =IF($A17="","",$B17*D$8) -> 0 | H17: =IF($A17="","",$B17*E$8) -> 0 | I17: =IF($A17="","",$B17*F$8) -> 0 | J17: =IF($A17="","",$B17*G$8) -> 0 | K17: =IF($A17="","",SUM(E17:J17)) -> 0
A18: =IF(Settings!$B24="","",Settings!$B24) -> Sights Bay | B18: =IF($A18="","",SUMIFS(PP_Vol,PP_Site,$A18)) -> 0 | C18: =IF($A18="","",$B18*WorkDaysWeek) -> 0 | D18: =IF($A18="","",$B18*WorkDaysMonth) -> 0 | E18: =IF($A18="","",$B18*B$8) -> 0 | F18: =IF($A18="","",$B18*C$8) -> 0 | G18: =IF($A18="","",$B18*D$8) -> 0 | H18: =IF($A18="","",$B18*E$8) -> 0 | I18: =IF($A18="","",$B18*F$8) -> 0 | J18: =IF($A18="","",$B18*G$8) -> 0 | K18: =IF($A18="","",SUM(E18:J18)) -> 0
A19: =IF(Settings!$B25="","",Settings!$B25) -> Tayabas | B19: =IF($A19="","",SUMIFS(PP_Vol,PP_Site,$A19)) -> 0 | C19: =IF($A19="","",$B19*WorkDaysWeek) -> 0 | D19: =IF($A19="","",$B19*WorkDaysMonth) -> 0 | E19: =IF($A19="","",$B19*B$8) -> 0 | F19: =IF($A19="","",$B19*C$8) -> 0 | G19: =IF($A19="","",$B19*D$8) -> 0 | H19: =IF($A19="","",$B19*E$8) -> 0 | I19: =IF($A19="","",$B19*F$8) -> 0 | J19: =IF($A19="","",$B19*G$8) -> 0 | K19: =IF($A19="","",SUM(E19:J19)) -> 0
A20: =IF(Settings!$B26="","",Settings!$B26) -> Batulao Impression | B20: =IF($A20="","",SUMIFS(PP_Vol,PP_Site,$A20)) -> 0 | C20: =IF($A20="","",$B20*WorkDaysWeek) -> 0 | D20: =IF($A20="","",$B20*WorkDaysMonth) -> 0 | E20: =IF($A20="","",$B20*B$8) -> 0 | F20: =IF($A20="","",$B20*C$8) -> 0 | G20: =IF($A20="","",$B20*D$8) -> 0 | H20: =IF($A20="","",$B20*E$8) -> 0 | I20: =IF($A20="","",$B20*F$8) -> 0 | J20: =IF($A20="","",$B20*G$8) -> 0 | K20: =IF($A20="","",SUM(E20:J20)) -> 0
A21: =IF(Settings!$B27="","",Settings!$B27) | B21: =IF($A21="","",SUMIFS(PP_Vol,PP_Site,$A21)) | C21: =IF($A21="","",$B21*WorkDaysWeek) | D21: =IF($A21="","",$B21*WorkDaysMonth) | E21: =IF($A21="","",$B21*B$8) | F21: =IF($A21="","",$B21*C$8) | G21: =IF($A21="","",$B21*D$8) | H21: =IF($A21="","",$B21*E$8) | I21: =IF($A21="","",$B21*F$8) | J21: =IF($A21="","",$B21*G$8) | K21: =IF($A21="","",SUM(E21:J21))
A22: =IF(Settings!$B28="","",Settings!$B28) | B22: =IF($A22="","",SUMIFS(PP_Vol,PP_Site,$A22)) | C22: =IF($A22="","",$B22*WorkDaysWeek) | D22: =IF($A22="","",$B22*WorkDaysMonth) | E22: =IF($A22="","",$B22*B$8) | F22: =IF($A22="","",$B22*C$8) | G22: =IF($A22="","",$B22*D$8) | H22: =IF($A22="","",$B22*E$8) | I22: =IF($A22="","",$B22*F$8) | J22: =IF($A22="","",$B22*G$8) | K22: =IF($A22="","",SUM(E22:J22))
A23: =IF(Settings!$B29="","",Settings!$B29) | B23: =IF($A23="","",SUMIFS(PP_Vol,PP_Site,$A23)) | C23: =IF($A23="","",$B23*WorkDaysWeek) | D23: =IF($A23="","",$B23*WorkDaysMonth) | E23: =IF($A23="","",$B23*B$8) | F23: =IF($A23="","",$B23*C$8) | G23: =IF($A23="","",$B23*D$8) | H23: =IF($A23="","",$B23*E$8) | I23: =IF($A23="","",$B23*F$8) | J23: =IF($A23="","",$B23*G$8) | K23: =IF($A23="","",SUM(E23:J23))
A24: =IF(Settings!$B30="","",Settings!$B30) | B24: =IF($A24="","",SUMIFS(PP_Vol,PP_Site,$A24)) | C24: =IF($A24="","",$B24*WorkDaysWeek) | D24: =IF($A24="","",$B24*WorkDaysMonth) | E24: =IF($A24="","",$B24*B$8) | F24: =IF($A24="","",$B24*C$8) | G24: =IF($A24="","",$B24*D$8) | H24: =IF($A24="","",$B24*E$8) | I24: =IF($A24="","",$B24*F$8) | J24: =IF($A24="","",$B24*G$8) | K24: =IF($A24="","",SUM(E24:J24))
... A32: =IF(Settings!$B38="","",Settings!$B38) | B32: =IF($A32="","",SUMIFS(PP_Vol,PP_Site,$A32)) | C32: =IF($A32="","",$B32*WorkDaysWeek) | D32: =IF($A32="","",$B32*WorkDaysMonth) | E32: =IF($A32="","",$B32*B$8) | F32: =IF($A32="","",$B32*C$8) | G32: =IF($A32="","",$B32*D$8) | H32: =IF($A32="","",$B32*E$8) | I32: =IF($A32="","",$B32*F$8) | J32: =IF($A32="","",$B32*G$8) | K32: =IF($A32="","",SUM(E32:J32))
A33: TOTAL — ALL SITES | B33: =SUM(B13:B32) -> 0 | C33: =SUM(C13:C32) -> 0 | D33: =SUM(D13:D32) -> 0 | E33: =SUM(E13:E32) -> 0 | F33: =SUM(F13:F32) -> 0 | G33: =SUM(G13:G32) -> 0 | H33: =SUM(H13:H32) -> 0 | I33: =SUM(I13:I32) -> 0 | ... K33: =SUM(K13:K32) -> 0
A35: B. MATERIAL FORECAST & PROCUREMENT PLAN (per site and material)
A36: ITEM | E36: USAGE RATE, STOCK & TARGET | J36: FORECAST CONSUMPTION per period | P36: SCHEDULED DELIVERIES per period | V36: STILL TO ORDER per period (keeps stock at the reorder level) | AB36: PROJECTED CLOSING STOCK (with those orders) | AH36: OUTLOOK
A37: Site / Project | B37: Code | C37: Material | D37: Unit | E37: Use / Day | F37: Use / Week | G37: Use / Month (generic) | H37: Current Stock | I37: Target Stock (reorder level) | J37: =B$9 -> Nov 2026 | K37: =C$9 -> Dec 2026 | L37: =D$9 -> Jan 2027 | M37: =E$9 -> Feb 2027 | N37: =F$9 -> Mar 2027 | O37: =G$9 -> Apr 2027 | P37: =B$9 -> Nov 2026 | Q37: =C$9 -> Dec 2026 | R37: =D$9 -> Jan 2027 | S37: =E$9 -> Feb 2027 | T37: =F$9 -> Mar 2027 | U37: =G$9 -> Apr 2027 | V37: =B$9 -> Nov 2026 | W37: =C$9 -> Dec 2026 | X37: =D$9 -> Jan 2027 | Y37: =E$9 -> Feb 2027 | Z37: =F$9 -> Mar 2027 | AA37: =G$9 -> Apr 2027 | AB37: =B$9 -> Nov 2026 | AC37: =C$9 -> Dec 2026 | AD37: =D$9 -> Jan 2027 | AE37: =E$9 -> Feb 2027 | AF37: =F$9 -> Mar 2027 | AG37: =G$9 -> Apr 2027 | AH37: Runs Out (no new orders) | AI37: 6-Period Requirement | AJ37: Total Still to Order
A38: =IF('Stock Monitor'!$A6="","",'Stock Monitor'!$A6) | B38: =IF($A38="","",'Stock Monitor'!$B6) | C38: =IF($A38="","",'Stock Monitor'!$C6) | D38: =IF($A38="","",'Stock Monitor'!$D6) | E38: =IF($A38="","",'Stock Monitor'!$J6) | F38: =IF($A38="","",$E38*WorkDaysWeek) | G38: =IF($A38="","",$E38*WorkDaysMonth) | H38: =IF($A38="","",'Stock Monitor'!$E6) | I38: =IF($A38="","",'Stock Monitor'!$T6) | J38: =IF($A38="","",$E38*B$8) | K38: =IF($A38="","",$E38*C$8) | L38: =IF($A38="","",$E38*D$8) | M38: =IF($A38="","",$E38*E$8) | N38: =IF($A38="","",$E38*F$8) | O38: =IF($A38="","",$E38*G$8) | P38: =IF($A38="","",SUMIFS(Del_Qty,Del_Site,$A38,Del_Mat,$B38,Del_Date,">="&B$6,Del_Date,"<="&B$7)) | Q38: =IF($A38="","",SUMIFS(Del_Qty,Del_Site,$A38,Del_Mat,$B38,Del_Date,">="&C$6,Del_Date,"<="&C$7)) | R38: =IF($A38="","",SUMIFS(Del_Qty,Del_Site,$A38,Del_Mat,$B38,Del_Date,">="&D$6,Del_Date,"<="&D$7)) | S38: =IF($A38="","",SUMIFS(Del_Qty,Del_Site,$A38,Del_Mat,$B38,Del_Date,">="&E$6,Del_Date,"<="&E$7)) | T38: =IF($A38="","",SUMIFS(Del_Qty,Del_Site,$A38,Del_Mat,$B38,Del_Date,">="&F$6,Del_Date,"<="&F$7)) | U38: =IF($A38="","",SUMIFS(Del_Qty,Del_Site,$A38,Del_Mat,$B38,Del_Date,">="&G$6,Del_Date,"<="&G$7)) | V38: =IF($A38="","",MAX(0,J38+$I38-MAX(0,$H38)-P38)) | W38: =IF($A38="","",MAX(0,K38+$I38-AB38-Q38)) | X38: =IF($A38="","",MAX(0,L38+$I38-AC38-R38)) | Y38: =IF($A38="","",MAX(0,M38+$I38-AD38-S38)) | Z38: =IF($A38="","",MAX(0,N38+$I38-AE38-T38)) | AA38: =IF($A38="","",MAX(0,O38+$I38-AF38-U38)) | AB38: =IF($A38="","",MAX($I38,MAX(0,$H38)+P38-J38)) | AC38: =IF($A38="","",MAX($I38,AB38+Q38-K38)) | AD38: =IF($A38="","",MAX($I38,AC38+R38-L38)) | AE38: =IF($A38="","",MAX($I38,AD38+S38-M38)) | AF38: =IF($A38="","",MAX($I38,AE38+T38-N38)) | AG38: =IF($A38="","",MAX($I38,AF38+U38-O38)) | AH38: =IF($A38="","",IF($H38<=0,"Already out",IF($E38<=0,"No usage",IF(MAX(0,$H38)+SUM($P38:P38)-SUM($J38:J38)<=0,$B$9,IF(MAX(0,$H38)+SUM($P38:Q38)-SUM($J38:K38)<=0,$C$9,IF(MAX(0,$H38)+SUM($P38:R38)-SUM($J38:L38)<=0,$D$9,IF(MAX(0,$H38)+SUM($P38:S38)-SUM($J38:M38)<=0,$E$9,IF(MAX(0,$H38)+SUM($P38:T38)-SUM($J38:N38)<=0,$F$9,IF(MAX(0,$H38)+SUM($P38:U38)-SUM($J38:O38)<=0,$G$9,"Beyond 6 periods"))))))))) | AI38: =IF($A38="","",SUM(J38:O38)) | AJ38: =IF($A38="","",SUM(V38:AA38))
